GENA,ORTST,PLZ,BRW,BRWZNR,layer_id,gena_filter
Düsseldorf,Hellerhof,40595,620,36122,2,Düsseldorf
Düsseldorf,Garath,40595,900,15771,2,Düsseldorf
Düsseldorf,Urdenbach,40593,1100,29152,2,Düsseldorf
Düsseldorf,Garath,40595,890,28841,2,Düsseldorf
Düsseldorf,Himmelgeist,40589,1100,19252,2,Düsseldorf
Düsseldorf,Benrath,40597,1500,12851,2,Düsseldorf
Düsseldorf,Reisholz,40599,1100,12051,2,Düsseldorf
Düsseldorf,Eller,40229,760,23142,2,Düsseldorf
Düsseldorf,Hassels,40599,760,32561,2,Düsseldorf
Düsseldorf,Eller,40229,850,31882,2,Düsseldorf
Düsseldorf,Wersten,40591,2050,36581,2,Düsseldorf
Düsseldorf,Bilk,40223,1900,29221,2,Düsseldorf
Düsseldorf,Lierenfeld,40231,820,30910,2,Düsseldorf
Düsseldorf,Vennhausen,40627,940,14430,2,Düsseldorf
Düsseldorf,Vennhausen,40627,760,18050,2,Düsseldorf
Düsseldorf,Vennhausen,40627,940,16720,2,Düsseldorf
Düsseldorf,Gerresheim,40627,850,17732,2,Düsseldorf
Düsseldorf,Heerdt,40549,1050,10432,2,Düsseldorf
Düsseldorf,Oberkassel,40545,3350,30882,2,Düsseldorf
Düsseldorf,Niederkassel,40545,3600,20772,2,Düsseldorf
Düsseldorf,Niederkassel,40547,2800,24772,2,Düsseldorf
Düsseldorf,Düsseltal,40237,1900,18372,2,Düsseldorf
Düsseldorf,Niederkassel,40547,1700,16100,2,Düsseldorf
Düsseldorf,Lörick,50547,2150,28400,2,Düsseldorf
Düsseldorf,Mörsenbroich,40470,1350,24081,2,Düsseldorf
Düsseldorf,Ludenberg,40629,1650,26920,2,Düsseldorf
Düsseldorf,Rath,40470,1050,20461,2,Düsseldorf
Düsseldorf,Hubbelrath,40629,1500,27100,2,Düsseldorf
Düsseldorf,Hubbelrath,40629,940,7340,2,Düsseldorf
Düsseldorf,Unterrath,40468,1000,622,2,Düsseldorf
Düsseldorf,Rath,40472,1050,26131,2,Düsseldorf
Düsseldorf,Rath,40472,1150,15642,2,Düsseldorf
Düsseldorf,Lohausen,40474,1550,22640,2,Düsseldorf
Düsseldorf,Einbrungen,40489,1300,6600,2,Düsseldorf
Düsseldorf,Wersten,40591,940,28580,2,Düsseldorf
Düsseldorf,Wersten,40591,940,30702,2,Düsseldorf
Düsseldorf,Hassels,40599,850,29562,2,Düsseldorf
Düsseldorf,Wersten,40591,710,19100,2,Düsseldorf
Düsseldorf,Stockum,40474,1350,14410,2,Düsseldorf
Düsseldorf,Urdenbach,40593,900,14521,2,Düsseldorf
Düsseldorf,Gerresheim,40625,1150,17791,2,Düsseldorf
Düsseldorf,Gerresheim,40625,1050,17792,2,Düsseldorf
Düsseldorf,Urdenbach,40593,1050,31130,2,Düsseldorf
Düsseldorf,Urdenbach,40593,1150,962,2,Düsseldorf
Düsseldorf,Eller,40229,810,30281,2,Düsseldorf
Düsseldorf,Benrath,40597,1650,25780,2,Düsseldorf
Düsseldorf,Bilk,40221,1300,29742,2,Düsseldorf
Düsseldorf,Gerresheim,40625,880,38872,2,Düsseldorf
Düsseldorf,Eller,40231,1050,27661,2,Düsseldorf
Düsseldorf,Mörsenbroich,40470,820,26972,2,Düsseldorf
Düsseldorf,Mörsenbroich,40470,1150,34352,2,Düsseldorf
Düsseldorf,Urdenbach,40593,1150,18562,2,Düsseldorf
Düsseldorf,Gerresheim,40625,1100,19181,2,Düsseldorf
Düsseldorf,Kalkum,40489,1100,560,2,Düsseldorf
Düsseldorf,Niederkassel,40547,1650,24751,2,Düsseldorf
Düsseldorf,Golzheim,40474,2450,16000,2,Düsseldorf
Düsseldorf,Golzheim,40474,1300,29381,2,Düsseldorf
Düsseldorf,Lohausen,40474,820,13632,2,Düsseldorf
Düsseldorf,Derendorf,40468,690,12572,2,Düsseldorf
Düsseldorf,Mörsenbroich,40470,640,27432,2,Düsseldorf
Düsseldorf,Oberkassel,40549,1450,14472,2,Düsseldorf
Düsseldorf,Gerresheim,40625,1450,25732,2,Düsseldorf
Düsseldorf,Eller,40229,760,30192,2,Düsseldorf
Düsseldorf,Ludenberg,40629,940,10782,2,Düsseldorf
Düsseldorf,Angermund,40489,990,550,2,Düsseldorf
Düsseldorf,Düsseltal,40237,2950,92,2,Düsseldorf
Düsseldorf,Hamm,40221,1050,18302,2,Düsseldorf
Düsseldorf,Bilk,40225,1450,25162,2,Düsseldorf
Düsseldorf,Unterrath,40468,1000,11720,2,Düsseldorf
Düsseldorf,Stockum,40474,1300,24922,2,Düsseldorf
Düsseldorf,Flehe,40223,990,22012,2,Düsseldorf
Düsseldorf,Bilk,40225,820,14322,2,Düsseldorf
Düsseldorf,Wersten,40591,940,12290,2,Düsseldorf
Düsseldorf,Urdenbach,40593,1350,80,2,Düsseldorf
Düsseldorf,Unterbach,40627,1100,7670,2,Düsseldorf
Düsseldorf,Unterrath,40472,710,22702,2,Düsseldorf
Düsseldorf,Rath,40472,820,25442,2,Düsseldorf
Düsseldorf,Hubbelrath,40629,810,7202,2,Düsseldorf
Düsseldorf,Unterbach,40627,1100,7912,2,Düsseldorf
Düsseldorf,Benrath,40597,940,11592,2,Düsseldorf
Düsseldorf,Hellerhof,40595,640,35312,2,Düsseldorf
Düsseldorf,Heerdt,40549,590,52,2,Düsseldorf
Düsseldorf,Heerdt,40549,900,22042,2,Düsseldorf
Düsseldorf,Lörick,40547,1050,24722,2,Düsseldorf
Düsseldorf,Lörick,40547,1300,62,2,Düsseldorf
Düsseldorf,Ludenberg,40629,1300,12922,2,Düsseldorf
Düsseldorf,Lohausen,40474,810,20002,2,Düsseldorf
Düsseldorf,Kaiserswerth,40489,990,10142,2,Düsseldorf
Düsseldorf,Hubbelrath,40629,1100,7560,2,Düsseldorf
Düsseldorf,Itter,40589,1050,972,2,Düsseldorf
Düsseldorf,Kaiserswerth,40489,1300,22072,2,Düsseldorf
Düsseldorf,Flingern,40235,890,18912,2,Düsseldorf
Düsseldorf,Gerresheim,40625,900,13760,2,Düsseldorf
Düsseldorf,Wittlaer,40489,1700,540,2,Düsseldorf
Düsseldorf,Holthausen,40589,850,10702,2,Düsseldorf
Düsseldorf,Eller,40229,820,23382,2,Düsseldorf
Düsseldorf,Urdenbach,40593,880,14520,5,Düsseldorf
Düsseldorf,Benrath,40597,1450,12850,5,Düsseldorf
Düsseldorf,Benrath,40597,2100,18550,5,Düsseldorf
Düsseldorf,Holthausen,40589,920,21500,5,Düsseldorf
Düsseldorf,Wersten,40589,780,930,5,Düsseldorf
Düsseldorf,Wersten,40591,800,12291,5,Düsseldorf
Düsseldorf,Wersten,40591,1050,22720,5,Düsseldorf
Düsseldorf,Friedrichstadt,40217,2700,21540,5,Düsseldorf
Düsseldorf,Oberbilk,40227,2100,28390,5,Düsseldorf
Düsseldorf,Oberbilk,40227,1700,15590,5,Düsseldorf
Düsseldorf,Oberbilk,40227,3750,26230,5,Düsseldorf
Düsseldorf,Pempelfort,40477,3300,24930,5,Düsseldorf
Düsseldorf,Pempelfort,40479,2650,25970,5,Düsseldorf
Düsseldorf,Pempelfort,40477,1850,12320,5,Düsseldorf
Düsseldorf,Flingern,40235,2250,22830,5,Düsseldorf
Düsseldorf,Düsseltal,40237,2000,26530,5,Düsseldorf
Düsseldorf,Oberkassel,40549,3750,17890,5,Düsseldorf
Düsseldorf,NIederkassel,40547,2650,20480,5,Düsseldorf
Düsseldorf,Pempelfort,40477,5600,16340,5,Düsseldorf
Düsseldorf,Pempelfort,40479,4200,27390,5,Düsseldorf
Düsseldorf,Düsseltal,40237,2400,10060,5,Düsseldorf
Düsseldorf,Düsseltal,40239,1700,24350,5,Düsseldorf
Düsseldorf,Grafenberg,40235,1600,36390,5,Düsseldorf
Düsseldorf,Grafenberg,40235,1700,17210,5,Düsseldorf
Düsseldorf,Golzheim,40474,3700,14260,5,Düsseldorf
Düsseldorf,Rath,40472,920,26120,5,Düsseldorf
Düsseldorf,Unterrath,40474,1650,34930,5,Düsseldorf
Düsseldorf,Unterrath,40468,920,29890,5,Düsseldorf
Düsseldorf,Niederkassel,40547,2300,24750,5,Düsseldorf
Düsseldorf,Garath,40595,740,28840,5,Düsseldorf
Düsseldorf,Reisholz,40599,800,12050,5,Düsseldorf
Düsseldorf,Hassels,40599,920,32560,5,Düsseldorf
Düsseldorf,Mörsenbroich,40470,1550,24080,5,Düsseldorf
Düsseldorf,Rath,40470,750,20460,5,Düsseldorf
Düsseldorf,Wersten,40591,1050,36580,5,Düsseldorf
Düsseldorf,Vennhausen,40627,1000,31460,5,Düsseldorf
Düsseldorf,Eller,40231,960,27660,5,Düsseldorf
Düsseldorf,Garath,40595,640,15770,5,Düsseldorf
Düsseldorf,Flingern,40233,1500,23930,5,Düsseldorf
Düsseldorf,Wersten,40591,840,28581,5,Düsseldorf
Düsseldorf,Bilk,40223,2550,29220,5,Düsseldorf
Düsseldorf,Heerdt,40549,790,30120,5,Düsseldorf
Düsseldorf,Ludenberg,40629,1550,37570,5,Düsseldorf
Düsseldorf,Grafenberg,40629,1450,18400,5,Düsseldorf
Düsseldorf,Gerresheim,40625,880,15170,5,Düsseldorf
Düsseldorf,Gerresheim,40625,960,12750,5,Düsseldorf
Düsseldorf,Eller,40229,1100,17430,5,Düsseldorf
Düsseldorf,Eller,40229,790,30280,5,Düsseldorf
Düsseldorf,Unterrath,40468,1000,36620,5,Düsseldorf
Düsseldorf,Rath,40472,880,26130,5,Düsseldorf
Düsseldorf,Golzheim,40476,4200,21360,5,Düsseldorf
Düsseldorf,Golzheim,40476,1900,31350,5,Düsseldorf
Düsseldorf,Golzheim,40474,1150,29380,5,Düsseldorf
Düsseldorf,Angermund,40489,1000,551,5,Düsseldorf
Düsseldorf,Düsseltal,40239,2700,29240,5,Düsseldorf
Düsseldorf,Eller,40229,800,30190,5,Düsseldorf
Düsseldorf,Rath,40472,1200,15640,5,Düsseldorf
Düsseldorf,Holthausen,40589,880,10700,5,Düsseldorf
Düsseldorf,Mörsenbroich,40470,1200,34350,5,Düsseldorf
Düsseldorf,Ludenberg,40629,960,10780,5,Düsseldorf
Düsseldorf,Gerresheim,40627,880,17730,5,Düsseldorf
Düsseldorf,Urdenbach,40593,1200,18560,5,Düsseldorf
Düsseldorf,Düsseltal,40237,3200,90,5,Düsseldorf
Düsseldorf,Lohausen,40474,840,13630,5,Düsseldorf
Düsseldorf,Unterrath,40468,800,620,5,Düsseldorf
Düsseldorf,Düsseltal,40237,2000,18370,5,Düsseldorf
Düsseldorf,Niederkassel,40545,3900,20770,5,Düsseldorf
Düsseldorf,Eller,40229,880,31880,5,Düsseldorf
Düsseldorf,Oberkassel,40545,3500,30880,5,Düsseldorf
Düsseldorf,Niederkassel,40547,2900,24770,5,Düsseldorf
Düsseldorf,Eller,40229,730,23140,5,Düsseldorf
Düsseldorf,Gerresheim,40625,1550,25730,5,Düsseldorf
Düsseldorf,Himmelgeist,40589,1100,19250,5,Düsseldorf
Düsseldorf,Bilk,40221,1350,29740,5,Düsseldorf
Düsseldorf,Oberkassel,40549,1550,14470,5,Düsseldorf
Düsseldorf,Mörsenbroich,40470,660,27430,5,Düsseldorf
Düsseldorf,Urdenbach,40593,1100,29150,5,Düsseldorf
Düsseldorf,Hassels,40599,880,29560,5,Düsseldorf
Düsseldorf,Urdenbach,40593,1300,960,5,Düsseldorf
Düsseldorf,Mörsenbroich,40470,840,26970,5,Düsseldorf
Düsseldorf,Gerresheim,40625,1050,17790,5,Düsseldorf
Düsseldorf,Derendorf,40468,730,12570,5,Düsseldorf
Düsseldorf,Wersten,40591,960,30700,5,Düsseldorf
Düsseldorf,Heerdt,40549,1100,10430,5,Düsseldorf
Düsseldorf,Hellerhof,40595,660,36120,5,Düsseldorf
Düsseldorf,Gerresheim,40625,920,38870,5,Düsseldorf
Düsseldorf,Unterrath,40468,840,21650,5,Düsseldorf
Düsseldorf,Stockum,40474,1350,24920,5,Düsseldorf
Düsseldorf,Flehe,40223,1050,22010,5,Düsseldorf
Düsseldorf,Bilk,40225,840,14320,5,Düsseldorf
Düsseldorf,Eller,40229,840,23380,5,Düsseldorf
Düsseldorf,Eller,40229,920,21630,5,Düsseldorf
Düsseldorf,Lörick,40547,2300,11380,5,Düsseldorf
Düsseldorf,Bilk,40225,1350,25160,5,Düsseldorf
Düsseldorf,Hamm,40221,1250,18300,5,Düsseldorf
Düsseldorf,Unterrath,40472,740,22700,5,Düsseldorf
Düsseldorf,Rath,40472,840,25440,5,Düsseldorf
Düsseldorf,Hubbelrath,40629,800,7200,5,Düsseldorf
Düsseldorf,Gerresheim,40625,750,19180,5,Düsseldorf
Düsseldorf,Unterbach,40627,1100,7910,5,Düsseldorf
Düsseldorf,Benrath,40597,920,11590,5,Düsseldorf
Düsseldorf,Hellerhof,40595,660,35310,5,Düsseldorf
Düsseldorf,Heerdt,40549,620,50,5,Düsseldorf
Düsseldorf,Heerdt,40549,920,22040,5,Düsseldorf
Düsseldorf,Lörick,40547,1100,24720,5,Düsseldorf
Düsseldorf,Lörick,40547,1300,60,5,Düsseldorf
Düsseldorf,Ludenberg,40629,1350,12920,5,Düsseldorf
Düsseldorf,Lohausen,40474,800,20000,5,Düsseldorf
Düsseldorf,Kaiserswerth,40489,1000,10140,5,Düsseldorf
Düsseldorf,Itter,40589,1050,970,5,Düsseldorf
Düsseldorf,Kaiserswerth,40489,1550,530,5,Düsseldorf
Düsseldorf,Kaiserswerth,40489,1350,22070,5,Düsseldorf
Düsseldorf,Derendorf,40476,2000,29830,5,Düsseldorf
Düsseldorf,Flingern,40235,840,18910,5,Düsseldorf
Düsseldorf,Hafen,40221,5800,31370,5,Düsseldorf
Düsseldorf,Unterbilk,40219,2650,16770,5,Düsseldorf
Düsseldorf,Heerdt,40549,1450,34120,5,Düsseldorf
Düsseldorf,Friedrichstadt,40215,5000,98130,5,Düsseldorf
Düsseldorf,Unterbilk,40213,4200,96080,5,Düsseldorf
Düsseldorf,Unterbilk,40217,6000,98120,5,Düsseldorf
Düsseldorf,Carlstadt,40213,6700,96070,5,Düsseldorf
Düsseldorf,Carlstadt,40213,5800,96050,5,Düsseldorf
Düsseldorf,Karlstadt,40213,6800,96060,5,Düsseldorf
Düsseldorf,Friedrichstadt,40215,2800,98140,5,Düsseldorf
Düsseldorf,Friedrichstadt,40215,3100,98150,5,Düsseldorf
Düsseldorf,Friedrichstadt,40215,2300,98160,5,Düsseldorf
Düsseldorf,Stadtmitte,40210,4600,99320,5,Düsseldorf
Düsseldorf,Friedrichstadt,40215,2600,99330,5,Düsseldorf
Düsseldorf,Stadtmitte,40210,5500,99290,5,Düsseldorf
Düsseldorf,Stadtmitte,40210,3000,99300,5,Düsseldorf
Düsseldorf,Oberbilk,40227,4400,95360,5,Düsseldorf
Düsseldorf,Stadtmitte,40210,4200,99310,5,Düsseldorf
Düsseldorf,Karlstadt,40213,9200,96040,5,Düsseldorf
Düsseldorf,Stadtmitte,40213,16000,97070,5,Düsseldorf
Düsseldorf,Stadtmitte,40213,20000,96030,5,Düsseldorf
Düsseldorf,Stadtmitte,40210,14000,97090,5,Düsseldorf
Düsseldorf,Stadtmitte,40210,3850,99250,5,Düsseldorf
Düsseldorf,Stadtmitte,40211,5800,99240,5,Düsseldorf
Düsseldorf,Stadtmitte,40210,7900,99260,5,Düsseldorf
Düsseldorf,Stadtmitte,40211,3450,99270,5,Düsseldorf
Düsseldorf,Stadtmitte,40210,4600,99370,5,Düsseldorf
Düsseldorf,Stadtmitte,40210,2600,99280,5,Düsseldorf
Düsseldorf,Stadtmitte,40210,6600,99180,5,Düsseldorf
Düsseldorf,Stadtmitte,40211,2300,99210,5,Düsseldorf
Düsseldorf,Oberbilk,40227,2700,99220,5,Düsseldorf
Düsseldorf,Stadtmitte,40211,4000,99170,5,Düsseldorf
Düsseldorf,Flingern,40233,2500,99190,5,Düsseldorf
Düsseldorf,Stadtmitte,40233,2700,99230,5,Düsseldorf
Düsseldorf,Stadtmitte,40212,10600,97350,5,Düsseldorf
Düsseldorf,Friedrichstadt,40215,32000,97080,5,Düsseldorf
Düsseldorf,Stadtmitte,40210,12500,97110,5,Düsseldorf
Düsseldorf,Altstadt,40213,4600,96010,5,Düsseldorf
Düsseldorf,Altstadt,40213,6600,96020,5,Düsseldorf
Düsseldorf,Stadtmitte,40211,7100,99380,5,Düsseldorf
Düsseldorf,Friedrichstadt,40215,55000,97100,5,Düsseldorf
Düsseldorf,Stadtmitte,40212,32000,99200,5,Düsseldorf
Neuss,Dreikönigenviertel,41464,680,102001,2,Neuss
Neuss,Dreikönigenviertel,41464,740,102002,2,Neuss
Neuss,Dreikönigenviertel,41464,940,102003,2,Neuss
Neuss,Dreikönigenviertel,41464,660,102012,2,Neuss
Neuss,Dreikönigenviertel,41464,920,102016,2,Neuss
Neuss,Dreikönigenviertel,41464,820,102017,2,Neuss
Neuss,Augustinusviertel,41464,540,105001,2,Neuss
Neuss,Augustinusviertel,41464,480,105002,2,Neuss
Neuss,Augustinusviertel,41464,680,105004,2,Neuss
Neuss,Gnadental,41468,800,106003,2,Neuss
Neuss,Gnadental,41468,580,106011,2,Neuss
Neuss,Gnadental,41468,600,106012,2,Neuss
Neuss,Grimlinghausen,41468,840,107004,2,Neuss
Neuss,Uedesheim,41468,730,108001,2,Neuss
Neuss,Uedesheim,41468,980,108002,2,Neuss
Neuss,Uedesheim,41468,680,108003,2,Neuss
Neuss,Uedesheim,41468,660,108005,2,Neuss
Neuss,Uedesheim,41468,520,108006,2,Neuss
Neuss,Weckhoven,41466,580,109001,2,Neuss
Neuss,Selikum,41466,600,111003,2,Neuss
Neuss,Reuschenberg,41466,520,112001,2,Neuss
Neuss,Reuschenberg,41466,580,112002,2,Neuss
Neuss,Reuschenberg,41466,680,112003,2,Neuss
Neuss,Reuschenberg,41466,680,112004,2,Neuss
Neuss,Reuschenberg,41466,620,112005,2,Neuss
Neuss,Reuschenberg,41466,640,112008,2,Neuss
Neuss,Reuschenberg,41466,800,112009,2,Neuss
Neuss,Reuschenberg,41466,600,112011,2,Neuss
Neuss,Reuschenberg,41466,620,112014,2,Neuss
Neuss,Pomona,41464,580,113003,2,Neuss
Neuss,Pomona,41464,480,113004,2,Neuss
Neuss,Pomona,41464,620,113007,2,Neuss
Neuss,Stadionviertel,41464,560,114001,2,Neuss
Neuss,Stadionviertel,41464,700,114008,2,Neuss
Neuss,Stadionviertel,41464,640,114009,2,Neuss
Neuss,Stadionviertel,41464,680,114014,2,Neuss
Neuss,Stadionviertel,41464,860,114015,2,Neuss
Neuss,Stadionviertel,41464,660,114016,2,Neuss
Neuss,Morgensternsheide,41462,520,116002,2,Neuss
Neuss,Morgensternsheide,41462,560,116003,2,Neuss
Neuss,Furth-Mitte,41462,660,118001,2,Neuss
Neuss,Furth-Mitte,41462,660,118004,2,Neuss
Neuss,Furth-Mitte,41462,600,118005,2,Neuss
Neuss,Furth-Mitte,41462,620,118006,2,Neuss
Neuss,Furth-Mitte,41462,680,118007,2,Neuss
Neuss,Furth-Nord,41462,480,119001,2,Neuss
Neuss,Furth-Nord,41462,560,119003,2,Neuss
Neuss,Furth-Nord,41462,600,119004,2,Neuss
Neuss,Furth-Nord,41462,520,119006,2,Neuss
Neuss,Furth-Nord,41462,560,119007,2,Neuss
Neuss,Furth-Nord,41462,600,119008,2,Neuss
Neuss,Weißenberg,41462,580,120007,2,Neuss
Neuss,Vogelsang,41462,640,121005,2,Neuss
Neuss,Vogelsang,41462,580,121007,2,Neuss
Neuss,Vogelsang,41462,540,121008,2,Neuss
Neuss,Vogelsang,41462,640,121016,2,Neuss
Neuss,Holzheim,41472,600,123006,2,Neuss
Neuss,Gruissem,41472,360,123012,2,Neuss
Neuss,Dirkes,41472,400,124001,2,Neuss
Neuss,Röckrath,41472,470,124005,2,Neuss
Neuss,Hoisten,41469,540,125001,2,Neuss
Neuss,Hoisten,41469,520,125002,2,Neuss
Neuss,Hoisten,41469,460,125003,2,Neuss
Neuss,Hoisten,41469,540,125006,2,Neuss
Neuss,Helpenstein,41472,480,126001,2,Neuss
Neuss,Speck,41472,520,126002,2,Neuss
Neuss,Speck,41472,410,126003,2,Neuss
Neuss,Wehl,41472,460,126006,2,Neuss
Neuss,Wehl,41472,480,126007,2,Neuss
Neuss,Norf,41469,560,127001,2,Neuss
Neuss,Norf,41469,560,127003,2,Neuss
Neuss,Norf,41469,600,127010,2,Neuss
Neuss,Norf,41469,640,127015,2,Neuss
Neuss,Rosellen,41470,420,128006,2,Neuss
Neuss,Rosellen,41470,580,128010,2,Neuss
Neuss,Rosellen,41470,580,128011,2,Neuss
Neuss,Rosellen,41470,540,128012,2,Neuss
Neuss,Rosellen,41470,600,128013,2,Neuss
Neuss,Rosellen,41470,580,128015,2,Neuss
Neuss,Rosellen,41470,600,128016,2,Neuss
Neuss,Rosellen,41470,640,128018,2,Neuss
Neuss,Rosellen,41470,580,128020,2,Neuss
Neuss,Augustinusviertel,41464,520,105005,2,Neuss
Neuss,Stadionviertel,41464,840,114025,2,Neuss
Neuss,Holzheim,41472,660,123013,2,Neuss
Neuss,Vogelsang,41462,640,121017,2,Neuss
Neuss,Norf,41469,680,127016,2,Neuss
Neuss,Uedesheim,41468,920,108008,2,Neuss
Neuss,Erfttal,41469,500,110005,2,Neuss
Neuss,Erfttal,41469,480,110004,2,Neuss
Neuss,Furth-Mitte,41462,580,118002,2,Neuss
Neuss,Erfttal,41469,500,110006,2,Neuss
Neuss,Grimlinghausen,41468,780,107005,2,Neuss
Neuss,Pomona,41464,540,113010,2,Neuss
Neuss,Furth-Süd,41462,560,117004,2,Neuss
Neuss,Furth-Süd,41462,660,117005,2,Neuss
Neuss,Weißenberg,41462,520,120006,2,Neuss
Neuss,Vogelsang,41462,520,121001,2,Neuss
Neuss,Vogelsang,41462,500,121012,2,Neuss
Neuss,Vogelsang,41462,720,121014,2,Neuss
Neuss,Vogelsang,41462,500,121010,2,Neuss
Neuss,Vogelsang,41462,520,121009,2,Neuss
Neuss,Furth-Nord,41462,540,119005,2,Neuss
Neuss,Weißenberg,41462,600,120002,2,Neuss
Neuss,Weißenberg,41462,520,120005,2,Neuss
Neuss,Stadionviertel,41464,660,114023,2,Neuss
Neuss,Stadionviertel,41464,680,114019,2,Neuss
Neuss,Stadionviertel,41464,860,114002,2,Neuss
Neuss,Stadionviertel,41464,780,114004,2,Neuss
Neuss,Stadionviertel,41464,660,114007,2,Neuss
Neuss,Stadionviertel,41464,600,114010,2,Neuss
Neuss,Pomona,41464,600,113001,2,Neuss
Neuss,Pomona,41464,580,113006,2,Neuss
Neuss,Pomona,41464,660,113008,2,Neuss
Neuss,Dreikönigenviertel,41464,720,102006,2,Neuss
Neuss,Dreikönigenviertel,41464,680,102005,2,Neuss
Neuss,Dreikönigenviertel,41464,720,102010,2,Neuss
Neuss,Lanzerath,41472,520,124002,2,Neuss
Neuss,Grefrath,41472,520,124006,2,Neuss
Neuss,Gnadental,41468,640,106005,2,Neuss
Neuss,Gnadental,41468,860,106007,2,Neuss
Neuss,Gnadental,41468,600,106014,2,Neuss
Neuss,Gnadental,41468,580,106015,2,Neuss
Neuss,Grimlinghausen,41468,660,107002,2,Neuss
Neuss,Grimlinghausen,41468,640,107001,2,Neuss
Neuss,Selikum,41466,700,111007,2,Neuss
Neuss,Selikum,41466,780,111006,2,Neuss
Neuss,Selikum,41466,560,111002,2,Neuss
Neuss,Reuschenberg,41466,620,112007,2,Neuss
Neuss,Reuschenberg,41466,580,112006,2,Neuss
Neuss,Reuschenberg,41466,640,112015,2,Neuss
Neuss,Holzheim,41472,540,123001,2,Neuss
Neuss,Weckhoven,41466,500,109003,2,Neuss
Neuss,Erfttal,41469,560,110002,2,Neuss
Neuss,Norf,41469,520,127002,2,Neuss
Neuss,Norf,41469,560,127013,2,Neuss
Neuss,Norf,41469,680,127011,2,Neuss
Neuss,Norf,41469,540,127009,2,Neuss
Neuss,Uedesheim,41468,620,108004,2,Neuss
Neuss,Speck,41472,520,126004,2,Neuss
Neuss,Bettikum,41470,460,128003,2,Neuss
Neuss,Schlicherum,41470,560,128004,2,Neuss
Neuss,Rosellen,41470,540,128009,2,Neuss
Neuss,Bauerbahn,41464,460,115001,2,Neuss
Neuss,Gnadental,41468,620,106009,2,Neuss
Neuss,Gnadental,41468,580,106001,2,Neuss
Neuss,Stadionviertel,41464,640,114021,2,Neuss
Neuss,Holzheim,41472,600,123004,2,Neuss
Neuss,Weckhoven,41466,540,109002,2,Neuss
Neuss,Rosellen,41470,560,128017,2,Neuss
Neuss,Erfttal,41469,600,210005,5,Neuss
Neuss,Erfttal,41469,600,210006,5,Neuss
Neuss,Pomona,41464,680,213010,5,Neuss
Neuss,Furth-Süd,41462,700,217004,5,Neuss
Neuss,Furth-Süd,41462,760,217005,5,Neuss
Neuss,Innenstadt,41460,740,201001,5,Neuss
Neuss,Innenstadt,41460,700,201002,5,Neuss
Neuss,Innenstadt,41460,780,201003,5,Neuss
Neuss,Innenstadt,41460,880,201004,5,Neuss
Neuss,Innenstadt,41460,740,201007,5,Neuss
Neuss,Innenstadt,41460,1100,201008,5,Neuss
Neuss,Innenstadt,41460,680,201009,5,Neuss
Neuss,Innenstadt,41460,600,201010,5,Neuss
Neuss,Innenstadt,41460,1100,201011,5,Neuss
Neuss,Innenstadt,41460,1050,201012,5,Neuss
Neuss,Innenstadt,41460,840,201013,5,Neuss
Neuss,Innenstadt,41460,920,201014,5,Neuss
Neuss,Innenstadt,41460,1100,201015,5,Neuss
Neuss,Innenstadt,41460,1700,201016,5,Neuss
Neuss,Innenstadt,41460,1450,201017,5,Neuss
Neuss,Innenstadt,41460,1000,201018,5,Neuss
Neuss,Innenstadt,41460,900,201019,5,Neuss
Neuss,Innenstadt,41460,760,201020,5,Neuss
Neuss,Dreikönigenviertel,41464,620,202004,5,Neuss
Neuss,Dreikönigenviertel,41464,760,202013,5,Neuss
Neuss,Hammfeld,41460,520,204001,5,Neuss
Neuss,Hammfeld,41460,580,204002,5,Neuss
Neuss,Hammfeld,41460,360,204003,5,Neuss
Neuss,Augustinusviertel,41464,740,205003,5,Neuss
Neuss,Grimlinghausen,41468,840,207005,5,Neuss
Neuss,Erfttal,41469,560,210004,5,Neuss
Neuss,Erfttal,41469,490,210007,5,Neuss
Neuss,Furth-Süd,41462,600,217002,5,Neuss
Neuss,Furth-Süd,41462,680,217003,5,Neuss
Neuss,Furth-Süd,41462,720,217008,5,Neuss
Neuss,Furth-Mitte,41462,640,218002,5,Neuss
Neuss,Furth-Mitte,41462,740,218003,5,Neuss
Neuss,Furth-Nord,41462,720,219009,5,Neuss
Neuss,Weißenberg,41462,620,220001,5,Neuss
Neuss,Weißenberg,41462,660,220006,5,Neuss
Neuss,Weißenberg,41462,680,220008,5,Neuss
Neuss,Barbaraviertel,41460,580,222001,5,Neuss
Neuss,Barbaraviertel,41460,600,222002,5,Neuss
Neuss,Holzheim,41472,680,223008,5,Neuss
Neuss,Innenstadt,41460,600,201005,5,Neuss
Neuss,Innenstadt,41460,600,201021,5,Neuss
Neuss,Innenstadt,41460,640,201006,5,Neuss
Neuss,Augustinusviertel,41464,590,205006,5,Neuss
Neuss,Vogelsang,41462,620,221001,5,Neuss
Neuss,Vogelsang,41462,600,221010,5,Neuss
Neuss,Vogelsang,41462,600,221009,5,Neuss
Neuss,Weißenberg,41462,640,220005,5,Neuss
Neuss,Furth-Süd,41462,660,217006,5,Neuss
Neuss,Stadionviertel,41464,680,214010,5,Neuss
Neuss,Dreikönigenviertel,41464,620,202014,5,Neuss
Neuss,Gnadental,41468,660,206015,5,Neuss
Neuss,Grimlinghausen,41468,860,207001,5,Neuss
Neuss,Reuschenberg,41466,680,212006,5,Neuss
Neuss,Weckhoven,41466,620,209003,5,Neuss
Neuss,Weckhoven,41466,580,209002,5,Neuss
Neuss,Norf,41469,560,227005,5,Neuss
Ratingen,Breitscheid,40885,530,3130,2,Ratingen
Ratingen,Breitscheid,40885,480,3090,2,Ratingen
Ratingen,Breitscheid,40885,540,3040,2,Ratingen
Ratingen,Breitscheid,40885,590,3031,2,Ratingen
Ratingen,Breitscheid,40885,480,3100,2,Ratingen
Ratingen,Breitscheid,40885,500,3110,2,Ratingen
Ratingen,Hösel,40883,790,4010,2,Ratingen
Ratingen,Hösel,40883,810,4150,2,Ratingen
Ratingen,Hösel,40883,690,4030,2,Ratingen
Ratingen,Hösel,40883,730,4050,2,Ratingen
Ratingen,Hösel,40883,670,4170,2,Ratingen
Ratingen,Hösel,40883,570,4060,2,Ratingen
Ratingen,Hösel,40883,700,4070,2,Ratingen
Ratingen,Hösel,40883,770,4080,2,Ratingen
Ratingen,Hösel,40883,700,4090,2,Ratingen
Ratingen,Hösel,40883,840,4140,2,Ratingen
Ratingen,Hösel,40883,740,4110,2,Ratingen
Ratingen,Hösel,40883,830,4121,2,Ratingen
Ratingen,Hösel,40883,700,4102,2,Ratingen
Ratingen,Hösel,40883,830,4120,2,Ratingen
Ratingen,Eggerscheidt,40883,680,5010,2,Ratingen
Ratingen,Eggerscheidt,40883,700,5020,2,Ratingen
Ratingen,Homberg,40882,430,6060,2,Ratingen
Ratingen,Homberg,40882,650,6041,2,Ratingen
Ratingen,Homberg,40882,680,6050,2,Ratingen
Ratingen,Homberg,40882,640,6020,2,Ratingen
Ratingen,Homberg,40882,610,6011,2,Ratingen
Ratingen,Tiefenbroich,40880,480,1601,2,Ratingen
Ratingen,Tiefenbroich,40880,480,1600,2,Ratingen
Ratingen,Tiefenbroich,40880,470,1580,2,Ratingen
Ratingen,Tiefenbroich,40880,670,1570,2,Ratingen
Ratingen,Ratingen-West,40880,670,1520,2,Ratingen
Ratingen,Ratingen-West,40880,690,1550,2,Ratingen
Ratingen,Ratingen-West,40880,680,1500,2,Ratingen
Ratingen,Ratingen-West,40880,670,1490,2,Ratingen
Ratingen,Ratingen-West,40880,740,1230,2,Ratingen
Ratingen,Ratingen-Mitte,40878,650,1220,2,Ratingen
Ratingen,Ratingen-Mitte,40878,760,1160,2,Ratingen
Ratingen,Ratingen-Ost,40878,640,1110,2,Ratingen
Ratingen,Ratingen-Ost,40882,750,1091,2,Ratingen
Ratingen,Ratingen-Mitte,40878,780,1180,2,Ratingen
Ratingen,Ratingen-Mitte,40878,760,1150,2,Ratingen
Ratingen,Ratingen-Mitte,40878,840,1170,2,Ratingen
Ratingen,Ratingen-Mitte,40878,840,1430,2,Ratingen
Ratingen,Ratingen-Mitte,40878,680,1210,2,Ratingen
Ratingen,Ratingen-West,40878,660,1470,2,Ratingen
Ratingen,Ratingen-Mitte,40878,830,1390,2,Ratingen
Ratingen,Ratingen-Mitte,40878,850,1401,2,Ratingen
Ratingen,Ratingen-Mitte,40878,820,1403,2,Ratingen
Ratingen,Ratingen-Mitte,40878,900,1410,2,Ratingen
Ratingen,Ratingen-Mitte,40878,830,1650,2,Ratingen
Ratingen,Ratingen-Mitte,40878,830,1350,2,Ratingen
Ratingen,Ratingen-Mitte,40882,960,1370,2,Ratingen
Ratingen,Ratingen-Ost,40882,870,1670,2,Ratingen
Ratingen,Ratingen-Ost,40882,650,1020,2,Ratingen
Ratingen,Ratingen-Ost,40882,850,1010,2,Ratingen
Ratingen,Ratingen-Ost,40882,790,1042,2,Ratingen
Ratingen,Ratingen-Ost,40882,860,1050,2,Ratingen
Ratingen,Ratingen-Ost,40882,790,1044,2,Ratingen
Ratingen,Ratingen-Ost,40882,580,1680,2,Ratingen
Ratingen,Lintorf,40885,580,2130,2,Ratingen
Ratingen,Lintorf,40885,680,2150,2,Ratingen
Ratingen,Lintorf,40885,770,2310,2,Ratingen
Ratingen,Lintorf,40885,680,2160,2,Ratingen
Ratingen,Lintorf,40885,680,2170,2,Ratingen
Ratingen,Lintorf,40885,490,2400,2,Ratingen
Ratingen,Lintorf,40885,520,2220,2,Ratingen
Ratingen,Lintorf,40885,660,2120,2,Ratingen
Ratingen,Lintorf,40885,650,2090,2,Ratingen
Ratingen,Lintorf,40885,690,2070,2,Ratingen
Ratingen,Lintorf,40885,560,2040,2,Ratingen
Ratingen,Breitscheid,40885,570,3120,2,Ratingen
Ratingen,Lintorf,40885,500,2020,2,Ratingen
Ratingen,Lintorf,40885,450,2030,2,Ratingen
Ratingen,Lintorf,40885,500,2390,2,Ratingen
Ratingen,Lintorf,40885,670,2350,2,Ratingen
Ratingen,Lintorf,40885,560,2250,2,Ratingen
Ratingen,Lintorf,40885,620,2240,2,Ratingen
Ratingen,Lintorf,40885,650,2230,2,Ratingen
Ratingen,Lintorf,40885,730,2210,2,Ratingen
Ratingen,Lintorf,40885,740,2080,2,Ratingen
Ratingen,Homberg,40882,640,6012,2,Ratingen
Ratingen,Tiefenbroich,40880,430,1610,2,Ratingen
Ratingen,Ratingen-Mitte,40878,1000,1380,2,Ratingen
Ratingen,Ratingen-Mitte,40878,1140,1660,2,Ratingen
Ratingen,Ratingen-Ost,40882,790,1092,2,Ratingen
Ratingen,Ratingen-Mitte,40878,850,1120,2,Ratingen
Ratingen,Lintorf,40885,740,2330,2,Ratingen
Ratingen,Lintorf,40885,680,2060,2,Ratingen
Ratingen,Lintorf,40885,570,2100,2,Ratingen
Ratingen,Ratingen-Ost,40882,810,1041,2,Ratingen
Ratingen,Ratingen-Ost,40882,730,1030,2,Ratingen
Ratingen,Lintorf,40885,660,2340,2,Ratingen
Ratingen,Breitscheid,40885,570,3070,2,Ratingen
Ratingen,Ratingen-Mitte,40882,940,1360,2,Ratingen
Ratingen,Hösel,40883,700,4101,2,Ratingen
Ratingen,Hösel,40883,770,4160,2,Ratingen
Ratingen,Hösel,40883,760,4020,2,Ratingen
Ratingen,Ratingen-Ost,40882,580,1060,2,Ratingen
Ratingen,Hösel,40883,770,4130,2,Ratingen
Ratingen,Ratingen-West,40880,640,1480,2,Ratingen
Ratingen,Ratingen-West,40880,640,1530,2,Ratingen
Ratingen,Breitscheid,40885,620,3033,5,Ratingen
Ratingen,Ratingen-Mitte,40878,760,1201,5,Ratingen
Ratingen,Ratingen-Mitte,40878,710,1140,5,Ratingen
Ratingen,Ratingen-Mitte,40878,750,1421,5,Ratingen
Ratingen,Ratingen-Mitte,40878,750,1402,5,Ratingen
Ratingen,Ratingen-Mitte,40878,830,1241,5,Ratingen
Ratingen,Ratingen-Mitte,40878,890,1242,5,Ratingen
Ratingen,Ratingen-Mitte,40878,850,1290,5,Ratingen
Ratingen,Ratingen-Mitte,40878,820,1640,5,Ratingen
Ratingen,Ratingen-Mitte,40878,960,1280,5,Ratingen
Ratingen,Ratingen-Mitte,40878,790,1323,5,Ratingen
Ratingen,Ratingen-Mitte,40878,830,1310,5,Ratingen
Ratingen,Ratingen-Mitte,40878,790,1321,5,Ratingen
Ratingen,Ratingen-Ost,40882,700,1043,5,Ratingen
Ratingen,Ratingen-Ost,40882,700,1070,5,Ratingen
Ratingen,Lintorf,40885,660,2380,5,Ratingen
Ratingen,Lintorf,40885,650,2370,5,Ratingen
Ratingen,Lintorf,40885,750,2320,5,Ratingen
Ratingen,Hösel,40883,780,4040,5,Ratingen
Ratingen,Ratingen-Mitte,40878,780,1130,5,Ratingen
Ratingen,Ratingen-Mitte,40878,870,1250,5,Ratingen
Ratingen,Ratingen-Mitte,40882,790,1340,5,Ratingen
Ratingen,Ratingen-Mitte,40878,1600,1260,5,Ratingen
Ratingen,Lintorf,40885,650,2360,5,Ratingen
Ratingen,Lintorf,40885,670,2110,5,Ratingen
Ratingen,Ratingen-Mitte,40878,820,1300,5,Ratingen
Ratingen,Ratingen-West,40880,670,1511,5,Ratingen
Meerbusch,Nierst,40668,490,1002,2,Meerbusch
Meerbusch,Lank - Latum,40668,575,1054,2,Meerbusch
Meerbusch,Lank - Latum,40668,600,1064,2,Meerbusch
Meerbusch,Lank - Latum,40668,600,1070,2,Meerbusch
Meerbusch,Lank - Latum,40668,575,1071,2,Meerbusch
Meerbusch,Lank - Latum,40668,600,1072,2,Meerbusch
Meerbusch,Langst - Kierst,40668,440,1102,2,Meerbusch
Meerbusch,Bösinghoven,40668,370,1151,2,Meerbusch
Meerbusch,Bösinghoven,40668,420,1152,2,Meerbusch
Meerbusch,Schürkesfeld,40670,600,1203,2,Meerbusch
Meerbusch,Strümp - West,40670,525,1253,2,Meerbusch
Meerbusch,Strümp,40670,600,1302,2,Meerbusch
Meerbusch,Strümp,40670,575,1306,2,Meerbusch
Meerbusch,Strümp,40670,550,1309,2,Meerbusch
Meerbusch,Strümp,40670,600,1312,2,Meerbusch
Meerbusch,Strümp,40670,600,1314,2,Meerbusch
Meerbusch,Strümp,40670,500,1317,2,Meerbusch
Meerbusch,Strümp,40670,575,1351,2,Meerbusch
Meerbusch,Osterath,40670,430,1453,2,Meerbusch
Meerbusch,Osterath,40670,420,1457,2,Meerbusch
Meerbusch,Osterath,40670,420,1458,2,Meerbusch
Meerbusch,Osterath,40670,490,1459,2,Meerbusch
Meerbusch,Osterath,40670,550,1460,2,Meerbusch
Meerbusch,Osterath,40670,550,1506,2,Meerbusch
Meerbusch,Osterath,40670,550,1465,2,Meerbusch
Meerbusch,Osterath,40670,550,1468,2,Meerbusch
Meerbusch,Osterath,40670,550,1470,2,Meerbusch
Meerbusch,Osterath,40670,490,1479,2,Meerbusch
Meerbusch,Osterath,40670,525,1481,2,Meerbusch
Meerbusch,Osterath,40670,550,1482,2,Meerbusch
Meerbusch,Osterath,40670,525,1486,2,Meerbusch
Meerbusch,Osterath,40670,525,1489,2,Meerbusch
Meerbusch,Osterath,40670,550,1491,2,Meerbusch
Meerbusch,Bovert,40670,625,1503,2,Meerbusch
Meerbusch,Meerer Busch,40667,1150,1551,2,Meerbusch
Meerbusch,Meerer Busch,40667,1200,1552,2,Meerbusch
Meerbusch,Büderich,40667,675,1602,2,Meerbusch
Meerbusch,Büderich,40667,675,1604,2,Meerbusch
Meerbusch,Büderich,40667,675,1609,2,Meerbusch
Meerbusch,Büderich,40667,650,1620,2,Meerbusch
Meerbusch,Büderich,40667,675,1622,2,Meerbusch
Meerbusch,Büderich,40667,625,1641,2,Meerbusch
Meerbusch,Büderich,40667,825,1650,2,Meerbusch
Meerbusch,Meerer Busch,40667,1150,1555,2,Meerbusch
Meerbusch,Langst - Kierst,40668,550,1111,2,Meerbusch
Meerbusch,Osterath,40670,550,1706,2,Meerbusch
Meerbusch,Büderich,40667,800,1664,2,Meerbusch
Meerbusch,Büderich,40667,800,1663,2,Meerbusch
Meerbusch,Meerer Busch,40667,1000,1711,2,Meerbusch
Meerbusch,Nierst,40668,525,1007,2,Meerbusch
Meerbusch,Nierst,40668,490,1010,2,Meerbusch
Meerbusch,Büderich,40667,775,1720,2,Meerbusch
Meerbusch,Lank - Latum,40668,625,1083,2,Meerbusch
Meerbusch,Büderich,40667,600,1667,2,Meerbusch
Meerbusch,Lank - Latum,40668,625,1087,2,Meerbusch
Meerbusch,Strümp - West,40670,575,1257,2,Meerbusch
Meerbusch,Strümp,40670,550,1356,2,Meerbusch
Meerbusch,Schürkesfeld,40670,600,1204,2,Meerbusch
Meerbusch,Bovert,40670,525,1504,2,Meerbusch
Meerbusch,Osterath,40670,550,1727,2,Meerbusch
Meerbusch,Osterath,40670,550,1728,2,Meerbusch
Meerbusch,Osterath,40670,470,1730,2,Meerbusch
Meerbusch,Osterath,40670,480,1505,2,Meerbusch
Meerbusch,Büderich,40667,625,1734,2,Meerbusch
Meerbusch,Büderich,40667,750,1735,2,Meerbusch
Meerbusch,Büderich,40667,675,1736,2,Meerbusch
Meerbusch,Lank - Latum,40668,600,1088,2,Meerbusch
Meerbusch,Lank - Latum,40668,625,1089,2,Meerbusch
Meerbusch,Lank - Latum,40668,625,1090,2,Meerbusch
Meerbusch,Strümp,40670,600,1327,2,Meerbusch
Meerbusch,Osterath,40670,550,1475,2,Meerbusch
Meerbusch,Osterath,40670,525,1716,2,Meerbusch
Meerbusch,Strümp,40667,575,1324,2,Meerbusch
Meerbusch,Osterath,40670,500,1729,2,Meerbusch
Meerbusch,Büderich,40667,750,1739,2,Meerbusch
Meerbusch,Ilverich,40668,500,1407,2,Meerbusch
Meerbusch,Langst - Kierst,40668,650,1115,2,Meerbusch
Meerbusch,Langst - Kierst,40668,550,1114,2,Meerbusch
Meerbusch,Nierst,40668,500,1011,2,Meerbusch
Meerbusch,Büderich,40667,625,1672,2,Meerbusch
Meerbusch,Bösinghoven,40668,430,1165,2,Meerbusch
Meerbusch,Lank - Latum,40668,650,1052,5,Meerbusch
Meerbusch,Lank - Latum,40668,600,1056,5,Meerbusch
Meerbusch,Lank - Latum,40668,625,1061,5,Meerbusch
Meerbusch,Strümp,40670,650,1313,5,Meerbusch
Meerbusch,Osterath,40670,525,1464,5,Meerbusch
Meerbusch,Osterath,40670,525,1469,5,Meerbusch
Meerbusch,Büderich,40667,650,1610,5,Meerbusch
Meerbusch,Büderich,40667,850,1624,5,Meerbusch
Meerbusch,Büderich,40667,600,1625,5,Meerbusch
Meerbusch,Büderich,40667,650,1630,5,Meerbusch
Meerbusch,Büderich,40667,650,1636,5,Meerbusch
Meerbusch,Büderich,40667,600,1637,5,Meerbusch
Meerbusch,Büderich,40667,725,1653,5,Meerbusch
Meerbusch,Osterath,40670,420,1705,5,Meerbusch
Meerbusch,Osterath,40670,550,1707,5,Meerbusch
Meerbusch,Osterath,40670,660,1710,5,Meerbusch
Meerbusch,Osterath,40670,420,1742,5,Meerbusch
Meerbusch,Osterath,40670,490,1474,5,Meerbusch
Meerbusch,Büderich,40667,875,1718,5,Meerbusch
Meerbusch,Lank - Latum,40668,575,1082,5,Meerbusch
Meerbusch,Lank - Latum,40668,625,1084,5,Meerbusch
Meerbusch,Bösinghoven,40668,430,1163,5,Meerbusch
Meerbusch,Osterath,40670,490,1724,5,Meerbusch
Meerbusch,Osterath,40670,575,1725,5,Meerbusch
Meerbusch,Büderich,40667,725,1669,5,Meerbusch
Meerbusch,Büderich,40667,675,1671,5,Meerbusch
Meerbusch,Büderich,40667,650,1731,5,Meerbusch
Meerbusch,Büderich,40667,675,1732,5,Meerbusch
Meerbusch,Büderich,40667,650,1733,5,Meerbusch
Meerbusch,Lank - Latum,40668,600,1091,5,Meerbusch
Meerbusch,Strümp,40670,650,1325,5,Meerbusch
Meerbusch,Strümp,40670,550,1326,5,Meerbusch
Meerbusch,Strümp,40670,600,1328,5,Meerbusch
Meerbusch,Büderich,40667,750,1737,5,Meerbusch
Meerbusch,Büderich,40667,750,1738,5,Meerbusch
Meerbusch,Osterath,40670,490,1740,5,Meerbusch
Hilden, ,40724,610,3001,2,Hilden
Hilden, ,40721,620,3003,2,Hilden
Hilden, ,40724,620,3005,2,Hilden
Hilden, ,40724,620,3008,2,Hilden
Hilden, ,40724,650,3009,2,Hilden
Hilden, ,40724,650,3010,2,Hilden
Hilden, ,40724,670,3012,2,Hilden
Hilden, ,40721,630,3013,2,Hilden
Hilden, ,40724,660,3016,2,Hilden
Hilden, ,40721,610,3017,2,Hilden
Hilden, ,40721,680,3018,2,Hilden
Hilden, ,40721,680,3019,2,Hilden
Hilden, ,40721,660,3020,2,Hilden
Hilden, ,40724,650,3021,2,Hilden
Hilden, ,40724,650,3022,2,Hilden
Hilden, ,40723,620,3030,2,Hilden
Hilden, ,40723,600,3031,2,Hilden
Hilden, ,40723,600,3034,2,Hilden
Hilden, ,40723,610,3035,2,Hilden
Hilden, ,40723,630,3037,2,Hilden
Hilden, ,40723,610,3038,2,Hilden
Hilden, ,40723,600,3039,2,Hilden
Hilden, ,40723,640,3040,2,Hilden
Hilden, ,40723,640,3041,2,Hilden
Hilden, ,40723,670,3042,2,Hilden
Hilden, ,40723,650,3043,2,Hilden
Hilden, ,40723,630,3044,2,Hilden
Hilden, ,40723,610,3045,2,Hilden
Hilden, ,40723,630,3047,2,Hilden
Hilden, ,40723,640,3048,2,Hilden
Hilden, ,40723,640,3049,2,Hilden
Hilden, ,40721,530,3050,2,Hilden
Hilden, ,40721,530,3051,2,Hilden
Hilden, ,40724,580,3052,2,Hilden
Hilden, ,40724,540,3053,2,Hilden
Hilden, ,40724,540,3054,2,Hilden
Hilden, ,40724,580,3055,2,Hilden
Hilden, ,40724,580,3057,2,Hilden
Hilden, ,40724,550,3058,2,Hilden
Hilden, ,40724,580,3060,2,Hilden
Hilden, ,40724,580,3061,2,Hilden
Hilden, ,40724,520,3062,2,Hilden
Hilden, ,40724,530,3063,2,Hilden
Hilden, ,40721,420,3901,2,Hilden
Hilden, ,40721,590,3002,5,Hilden
Hilden, ,40721,610,3004,5,Hilden
Hilden, ,40724,590,3006,5,Hilden
Hilden, ,40724,620,3007,5,Hilden
Hilden, ,40724,630,3011,5,Hilden
Hilden, ,40721,610,3014,5,Hilden
Hilden, ,40724,630,3015,5,Hilden
Hilden, ,40724,610,3023,5,Hilden
Hilden, ,40724,660,3024,5,Hilden
Hilden, ,40721,800,3025,5,Hilden
Hilden, ,40721,600,3026,5,Hilden
Hilden, ,40721,570,3027,5,Hilden
Hilden, ,40721,650,3028,5,Hilden
Hilden, ,40721,880,3029,5,Hilden
Hilden, ,40723,620,3032,5,Hilden
Hilden, ,40723,610,3033,5,Hilden
Hilden, ,40723,610,3036,5,Hilden
Hilden, ,40723,620,3046,5,Hilden
Hilden, ,40724,580,3056,5,Hilden
Hilden, ,40724,580,3059,5,Hilden
Hilden, ,40724,450,3902,5,Hilden
Hilden, ,40721,690,3903,5,Hilden
Hilden, ,40721,600,3904,5,Hilden
Hilden, ,40721,810,3905,5,Hilden
Hilden, ,40721,590,3906,5,Hilden
Hilden, ,40721,1060,3907,5,Hilden
Hilden, ,40721,1250,3908,5,Hilden
Hilden, ,40721,1060,3909,5,Hilden
Hilden, ,40721,880,3910,5,Hilden
Hilden, ,40721,990,3911,5,Hilden
Hilden, ,40721,770,3912,5,Hilden
Hilden, ,40721,600,3913,5,Hilden
Hilden, ,40721,600,3914,5,Hilden
Hilden, ,40721,810,3915,5,Hilden
Hilden, ,40721,600,3916,5,Hilden
Hilden, ,40721,560,3917,5,Hilden
Hilden, ,40721,640,3918,5,Hilden
Erkrath, ,40699,480,6001,2,Erkrath
Erkrath, ,40699,470,6002,2,Erkrath
Erkrath, ,40699,470,6005,2,Erkrath
Erkrath, ,40699,460,6007,2,Erkrath
Erkrath, ,40699,500,6008,2,Erkrath
Erkrath, ,40699,460,6012,2,Erkrath
Erkrath, ,40699,460,6013,2,Erkrath
Erkrath, ,40699,460,6014,2,Erkrath
Erkrath, ,40699,450,6016,2,Erkrath
Erkrath, ,40699,480,6017,2,Erkrath
Erkrath, ,40699,470,6018,2,Erkrath
Erkrath, ,40699,460,6019,2,Erkrath
Erkrath, ,40699,470,6021,2,Erkrath
Erkrath, ,40699,480,6022,2,Erkrath
Erkrath, ,40699,480,6024,2,Erkrath
Erkrath, ,40699,470,6026,2,Erkrath
Erkrath, ,40699,470,6027,2,Erkrath
Erkrath, ,40699,470,6028,2,Erkrath
Erkrath, ,40699,470,6029,2,Erkrath
Erkrath, ,40699,460,6030,2,Erkrath
Erkrath, ,40699,460,6031,2,Erkrath
Erkrath, ,40699,460,6032,2,Erkrath
Erkrath, ,40699,470,6033,2,Erkrath
Erkrath, ,40699,480,6034,2,Erkrath
Erkrath, ,40699,470,6035,2,Erkrath
Erkrath, ,40699,510,6038,2,Erkrath
Erkrath, ,40699,470,6039,2,Erkrath
Erkrath, ,40699,470,6040,2,Erkrath
Erkrath, ,40699,470,6041,2,Erkrath
Erkrath, ,40699,470,6042,2,Erkrath
Erkrath, ,40699,500,6044,2,Erkrath
Erkrath, ,40699,500,6045,2,Erkrath
Erkrath, ,40699,490,6049,2,Erkrath
Erkrath, ,40699,490,6051,2,Erkrath
Erkrath, ,40699,480,6053,2,Erkrath
Erkrath, ,40699,480,6054,2,Erkrath
Erkrath, ,40699,500,6056,2,Erkrath
Erkrath, ,40699,480,6057,2,Erkrath
Erkrath, ,40699,470,6058,2,Erkrath
Erkrath, ,40699,480,6059,2,Erkrath
Erkrath, ,40699,470,6061,2,Erkrath
Erkrath, ,40699,480,6062,2,Erkrath
Erkrath, ,40699,480,6064,2,Erkrath
Erkrath, ,40699,480,6065,2,Erkrath
Erkrath, ,40699,480,6066,2,Erkrath
Erkrath, ,40699,470,6068,2,Erkrath
Erkrath, ,40699,470,6069,2,Erkrath
Erkrath, ,40699,470,6070,2,Erkrath
Erkrath, ,40699,480,6071,2,Erkrath
Erkrath, ,40699,490,6072,2,Erkrath
Erkrath, ,40699,470,6003,5,Erkrath
Erkrath, ,40699,470,6004,5,Erkrath
Erkrath, ,40699,470,6006,5,Erkrath
Erkrath, ,40699,470,6009,5,Erkrath
Erkrath, ,40699,500,6011,5,Erkrath
Erkrath, ,40699,470,6015,5,Erkrath
Erkrath, ,40699,470,6020,5,Erkrath
Erkrath, ,40699,490,6023,5,Erkrath
Erkrath, ,40699,490,6025,5,Erkrath
Erkrath, ,40699,450,6036,5,Erkrath
Erkrath, ,40699,490,6037,5,Erkrath
Erkrath, ,40699,470,6043,5,Erkrath
Erkrath, ,40699,540,6046,5,Erkrath
Erkrath, ,40699,570,6047,5,Erkrath
Erkrath, ,40699,510,6048,5,Erkrath
Erkrath, ,40699,510,6050,5,Erkrath
Erkrath, ,40699,490,6052,5,Erkrath
Erkrath, ,40699,480,6055,5,Erkrath
Erkrath, ,40699,490,6060,5,Erkrath
Erkrath, ,40699,490,6063,5,Erkrath
Erkrath, ,40699,490,6067,5,Erkrath
Erkrath, ,40699,450,6073,5,Erkrath
Erkrath, ,40699,440,6901,5,Erkrath
Erkrath, ,40699,480,6902,5,Erkrath
Erkrath, ,40699,470,6903,5,Erkrath
Erkrath, ,40699,560,6904,5,Erkrath
Erkrath, ,40699,480,6905,5,Erkrath
Erkrath, ,40699,510,6906,5,Erkrath
Erkrath, ,40699,670,6907,5,Erkrath
Erkrath, ,40699,530,6908,5,Erkrath
Erkrath, ,40699,470,6074,5,Erkrath
Mettmann, ,40822,430,5001,2,Mettmann
Mettmann, ,40822,560,5002,2,Mettmann
Mettmann, ,40822,530,5003,2,Mettmann
Mettmann, ,40822,590,5005,2,Mettmann
Mettmann, ,40822,530,5006,2,Mettmann
Mettmann, ,40822,570,5007,2,Mettmann
Mettmann, ,40822,530,5008,2,Mettmann
Mettmann, ,40822,550,5010,2,Mettmann
Mettmann, ,40822,530,5011,2,Mettmann
Mettmann, ,40822,540,5012,2,Mettmann
Mettmann, ,40822,540,5013,2,Mettmann
Mettmann, ,40822,580,5014,2,Mettmann
Mettmann, ,40822,570,5015,2,Mettmann
Mettmann, ,40822,530,5016,2,Mettmann
Mettmann, ,40822,530,5017,2,Mettmann
Mettmann, ,40822,510,5018,2,Mettmann
Mettmann, ,40822,510,5020,2,Mettmann
Mettmann, ,40822,490,5021,2,Mettmann
Mettmann, ,40822,520,5024,2,Mettmann
Mettmann, ,40822,510,5025,2,Mettmann
Mettmann, ,40822,480,5027,2,Mettmann
Mettmann, ,40822,510,5028,2,Mettmann
Mettmann, ,40822,540,5029,2,Mettmann
Mettmann, ,40822,520,5030,2,Mettmann
Mettmann, ,40822,520,5031,2,Mettmann
Mettmann, ,40822,520,5032,2,Mettmann
Mettmann, ,40822,510,5034,2,Mettmann
Mettmann, ,40822,510,5035,2,Mettmann
Mettmann, ,40822,540,5036,2,Mettmann
Mettmann, ,40822,520,5038,2,Mettmann
Mettmann, ,40822,500,5039,2,Mettmann
Mettmann, ,40822,570,5040,2,Mettmann
Mettmann, ,40822,540,5041,2,Mettmann
Mettmann, ,40822,570,5042,2,Mettmann
Mettmann, ,40822,540,5043,2,Mettmann
Mettmann, ,40822,570,5044,2,Mettmann
Mettmann, ,40822,510,5045,2,Mettmann
Mettmann, ,40822,520,5046,2,Mettmann
Mettmann, ,40822,520,5048,2,Mettmann
Mettmann, ,40822,530,5049,2,Mettmann
Mettmann, ,40822,510,5052,2,Mettmann
Mettmann, ,40822,570,5053,2,Mettmann
Mettmann, ,40822,510,5055,2,Mettmann
Mettmann, ,40822,520,5057,2,Mettmann
Mettmann, ,40822,470,5059,2,Mettmann
Mettmann, ,40822,510,5060,2,Mettmann
Mettmann, ,40822,540,5062,2,Mettmann
Mettmann, ,40822,520,5063,2,Mettmann
Mettmann, ,40822,530,5065,2,Mettmann
Mettmann, ,40822,530,5066,2,Mettmann
Mettmann, ,40822,530,5067,2,Mettmann
Mettmann, ,40822,460,5068,2,Mettmann
Mettmann, ,40822,570,5069,2,Mettmann
Mettmann, ,40822,570,5070,2,Mettmann
Mettmann, ,40822,510,5004,5,Mettmann
Mettmann, ,40822,510,5009,5,Mettmann
Mettmann, ,40822,470,5019,5,Mettmann
Mettmann, ,40822,470,5022,5,Mettmann
Mettmann, ,40822,520,5023,5,Mettmann
Mettmann, ,40822,480,5026,5,Mettmann
Mettmann, ,40822,480,5033,5,Mettmann
Mettmann, ,40822,490,5037,5,Mettmann
Mettmann, ,40822,520,5047,5,Mettmann
Mettmann, ,40822,480,5050,5,Mettmann
Mettmann, ,40822,470,5051,5,Mettmann
Mettmann, ,40822,490,5054,5,Mettmann
Mettmann, ,40822,470,5056,5,Mettmann
Mettmann, ,40822,490,5058,5,Mettmann
Mettmann, ,40822,530,5061,5,Mettmann
Mettmann, ,40822,470,5064,5,Mettmann
Mettmann, ,40822,480,5901,5,Mettmann
Mettmann, ,40822,440,5902,5,Mettmann
Mettmann, ,40822,460,5903,5,Mettmann
Mettmann, ,40822,490,5904,5,Mettmann
Mettmann, ,40822,480,5905,5,Mettmann
Mettmann, ,40822,520,5906,5,Mettmann
Mettmann, ,40822,620,5907,5,Mettmann
Mettmann, ,40822,650,5908,5,Mettmann
Mettmann, ,40822,460,5909,5,Mettmann
Mettmann, ,40822,530,5910,5,Mettmann
Mettmann, ,40822,570,5911,5,Mettmann
Mettmann, ,40822,490,5912,5,Mettmann
Mettmann, ,40822,550,5913,5,Mettmann
Mettmann, ,40822,480,5914,5,Mettmann
Mettmann, ,40822,490,5915,5,Mettmann
Mettmann, ,40822,470,5916,5,Mettmann
Mettmann, ,40822,410,5917,5,Mettmann
Monheim am Rhein, ,40789,580,2001,2,Monheim am Rhein
Monheim am Rhein, ,40789,580,2002,2,Monheim am Rhein
Monheim am Rhein, ,40789,590,2004,2,Monheim am Rhein
Monheim am Rhein, ,40789,600,2005,2,Monheim am Rhein
Monheim am Rhein, ,40789,580,2006,2,Monheim am Rhein
Monheim am Rhein, ,40789,570,2007,2,Monheim am Rhein
Monheim am Rhein, ,40789,600,2008,2,Monheim am Rhein
Monheim am Rhein, ,40789,590,2009,2,Monheim am Rhein
Monheim am Rhein, ,40789,590,2010,2,Monheim am Rhein
Monheim am Rhein, ,40789,580,2012,2,Monheim am Rhein
Monheim am Rhein, ,40789,560,2013,2,Monheim am Rhein
Monheim am Rhein, ,40789,580,2014,2,Monheim am Rhein
Monheim am Rhein, ,40789,580,2016,2,Monheim am Rhein
Monheim am Rhein, ,40789,570,2017,2,Monheim am Rhein
Monheim am Rhein, ,40789,570,2018,2,Monheim am Rhein
Monheim am Rhein, ,40789,590,2020,2,Monheim am Rhein
Monheim am Rhein, ,40789,570,2021,2,Monheim am Rhein
Monheim am Rhein, ,40789,560,2023,2,Monheim am Rhein
Monheim am Rhein, ,40789,560,2025,2,Monheim am Rhein
Monheim am Rhein, ,40789,560,2027,2,Monheim am Rhein
Monheim am Rhein, ,40789,560,2028,2,Monheim am Rhein
Monheim am Rhein, ,40789,560,2029,2,Monheim am Rhein
Monheim am Rhein, ,40789,570,2030,2,Monheim am Rhein
Monheim am Rhein, ,40789,580,2033,2,Monheim am Rhein
Monheim am Rhein, ,40789,540,2036,2,Monheim am Rhein
Monheim am Rhein, ,40789,560,2038,2,Monheim am Rhein
Monheim am Rhein, ,40789,580,2041,2,Monheim am Rhein
Monheim am Rhein, ,40789,570,2042,2,Monheim am Rhein
Monheim am Rhein, ,40789,570,2043,2,Monheim am Rhein
Monheim am Rhein, ,40789,540,2044,2,Monheim am Rhein
Monheim am Rhein, ,40789,570,2045,2,Monheim am Rhein
Monheim am Rhein, ,40789,550,2046,2,Monheim am Rhein
Monheim am Rhein, ,40789,570,2047,2,Monheim am Rhein
Monheim am Rhein, ,40789,570,2048,2,Monheim am Rhein
Monheim am Rhein, ,40789,570,2049,2,Monheim am Rhein
Monheim am Rhein, ,40789,570,2003,5,Monheim am Rhein
Monheim am Rhein, ,40789,550,2011,5,Monheim am Rhein
Monheim am Rhein, ,40789,550,2015,5,Monheim am Rhein
Monheim am Rhein, ,40789,560,2019,5,Monheim am Rhein
Monheim am Rhein, ,40789,560,2022,5,Monheim am Rhein
Monheim am Rhein, ,40789,550,2024,5,Monheim am Rhein
Monheim am Rhein, ,40789,550,2026,5,Monheim am Rhein
Monheim am Rhein, ,40789,550,2031,5,Monheim am Rhein
Monheim am Rhein, ,40789,560,2032,5,Monheim am Rhein
Monheim am Rhein, ,40789,560,2034,5,Monheim am Rhein
Monheim am Rhein, ,40789,540,2035,5,Monheim am Rhein
Monheim am Rhein, ,40789,550,2037,5,Monheim am Rhein
Monheim am Rhein, ,40789,560,2039,5,Monheim am Rhein
Monheim am Rhein, ,40789,550,2040,5,Monheim am Rhein
Monheim am Rhein, ,40789,540,2901,5,Monheim am Rhein
Monheim am Rhein, ,40789,550,2902,5,Monheim am Rhein
Monheim am Rhein, ,40789,500,2903,5,Monheim am Rhein
Monheim am Rhein, ,40789,610,2904,5,Monheim am Rhein
Monheim am Rhein, ,40789,720,2905,5,Monheim am Rhein
Monheim am Rhein, ,40789,540,2906,5,Monheim am Rhein
Monheim am Rhein, ,40789,460,2907,5,Monheim am Rhein
Monheim am Rhein, ,40789,470,2908,5,Monheim am Rhein
Dormagen,Horrem,41539,450,5007,2,Dormagen
Dormagen,St. Peter,41541,235,5201,2,Dormagen
Dormagen,Hackenbroich,41540,320,5252,2,Dormagen
Dormagen,Hackenbroich,41540,320,5253,2,Dormagen
Dormagen,Hackhausen,41540,330,5257,2,Dormagen
Dormagen,Hackhausen,41540,330,5258,2,Dormagen
Dormagen,Nievenheim,41542,320,5351,2,Dormagen
Dormagen,Broich,41542,250,5652,2,Dormagen
Dormagen,Broich,41542,250,5656,2,Dormagen
Dormagen,Stadt Zons,41541,450,5151,2,Dormagen
Dormagen,Nievenheim,41542,530,5360,2,Dormagen
Dormagen,"Horrem, Mitte",41539,470,5015,2,Dormagen
Dormagen,Delhoven,41540,170,5454,2,Dormagen
Dormagen,Stürzelberg,41540,500,5604,2,Dormagen
Dormagen,Mitte,41539,510,5018,2,Dormagen
Dormagen,Mitte,41539,470,5019,2,Dormagen
Dormagen,Rheinfeld,41539,410,5104,2,Dormagen
Dormagen,"Horrem, Mitte",41539,450,5020,2,Dormagen
Dormagen,"Horrem, Mitte",41540,360,5021,2,Dormagen
Dormagen,Hackenbroich,41540,350,5263,2,Dormagen
Dormagen,Hackenbroich,41540,400,5264,2,Dormagen
Dormagen,Delhoven,41540,450,5455,2,Dormagen
Dormagen,Gohr,41542,270,5655,2,Dormagen
Dormagen,Delrath,41542,380,5405,2,Dormagen
Dormagen,Stürzelberg,41541,430,5605,2,Dormagen
Dormagen,Stadt Zons,41541,480,5154,2,Dormagen
Dormagen,"Nievenheim, Ückerath",41542,470,5363,2,Dormagen
Dormagen,Straberg,41542,340,5506,2,Dormagen
Dormagen,Mitte,41539,700,5002,5,Dormagen
Dormagen,Hackenbroich,41540,370,5254,5,Dormagen
Dormagen,"Nievenheim, Ückerath",41542,430,5362,5,Dormagen
Kaarst,Kaarst,41564,500,2008,2,Kaarst
Kaarst,Kaarst,41564,490,2016,2,Kaarst
Kaarst,Kaarst,41564,550,2021,2,Kaarst
Kaarst,Kaarst,41564,575,2026,2,Kaarst
Kaarst,Kaarst,41564,500,2050,2,Kaarst
Kaarst,Holzbüttgen,41564,480,2110,2,Kaarst
Kaarst,Holzbüttgen,41564,420,2111,2,Kaarst
Kaarst,Vorst,41564,470,2404,2,Kaarst
Kaarst,Vorst,41564,470,2406,2,Kaarst
Kaarst,Holzbüttgen,41564,440,2127,2,Kaarst
Kaarst,Kaarst,41564,525,2082,2,Kaarst
Kaarst,Kaarst,41564,525,2086,2,Kaarst
Kaarst,Kaarst,41564,525,2090,2,Kaarst
Kaarst,Driesch,41564,430,2305,2,Kaarst
Kaarst,Kaarst,41564,440,2096,2,Kaarst
Kaarst,Büttgen,41564,500,2237,2,Kaarst
Kaarst,Kaarst,41564,500,2097,2,Kaarst
Kaarst,Holzbüttgen,41564,410,2129,2,Kaarst
Kaarst,Holzbüttgen,41564,440,2130,2,Kaarst
Kaarst,Vorst,40667,440,2414,2,Kaarst
Kaarst,Holzbüttgen,41564,480,2131,2,Kaarst
Kaarst,Kaarst,41564,550,2099,2,Kaarst
Kaarst,Kaarst,41564,525,2093,2,Kaarst
Kaarst,Büttgen,41564,460,2202,2,Kaarst
Kaarst,Büttgen,41564,525,2227,2,Kaarst
Kaarst,Büttgen,41564,500,2207,2,Kaarst
Kaarst,Büttgen,41564,500,2238,2,Kaarst
Kaarst,Büttgen,41564,525,2235,2,Kaarst
Kaarst,Kaarst,41564,550,2020,5,Kaarst
Kaarst,Kaarst,41564,550,2023,5,Kaarst
Kaarst,Kaarst,41564,600,2027,5,Kaarst
Kaarst,Kaarst,41564,525,2028,5,Kaarst
Kaarst,Kaarst,41564,750,2029,5,Kaarst
Kaarst,Kaarst,41564,625,2030,5,Kaarst
Kaarst,Kaarst,41564,625,2031,5,Kaarst
Kaarst,Kaarst,41564,575,2032,5,Kaarst
Kaarst,Kaarst,41564,550,2034,5,Kaarst
Kaarst,Kaarst,41564,575,2048,5,Kaarst
Kaarst,Holzbüttgen,41564,525,2106,5,Kaarst
Kaarst,Holzbüttgen,41564,525,2109,5,Kaarst
Kaarst,Büttgen,41564,550,2210,5,Kaarst
Kaarst,Vorst,41564,490,2405,5,Kaarst
Kaarst,Kaarst,41564,550,2085,5,Kaarst
Kaarst,Kaarst,41564,460,2087,5,Kaarst
Kaarst,Kaarst,41564,500,2095,5,Kaarst
Kaarst,Kaarst,41564,525,2098,5,Kaarst
Kaarst,Kaarst,41564,525,2094,5,Kaarst
Kaarst,Büttgen,41564,550,2236,5,Kaarst
