Standort;Straße;Hausnummer;PLZ;Ort;Station ID;Device ID;icon;slug;Name;Gerätetyp;Hersteller;Sensorart;Typ;Sensortyp;Sensorstatus;Sensormodell;Installationshöhe;Installationsdatum;Kommune
51.52179, 7.4713;Lauenburger Straße;2;44145;Dortmund;DOBHAN;98484de5-8aed-4aee-800e-0eb6a73864c0;devices;dec0054a2;DEC0054A2;DL-BLG-001;Decentlab;Strahlungstemperatursensor;Klimasensor;Klimasensoren;aktiv;BlackGlobe;3.3m;2024-10-21;Dortmund
51.516898431325856, 7.459445718650828;Königswall;15;44137;Dortmund;DOBHBF;aaba1430-6185-4588-a840-07c5985aa060;devices;dec005495;DEC005495;DL-BLG-001;Decentlab;Strahlungstemperatursensor;Klimasensor;Klimasensoren;aktiv;BlackGlobe;3.3m;2024-08-07;Dortmund
51.52822941492969, 7.483302541737672;Oesterholzstraße;122;44145;Dortmund;DOBOHS;bb71ba25-10a1-4e69-885e-5e7dd21f66e3;devices;dec00549a;DEC00549A;DL-BLG-001;Decentlab;Strahlungstemperatursensor;Klimasensor;Klimasensoren;aktiv;BlackGlobe;3.3m;2024-12-11;Dortmund
51.49468777545645, 7.481143008002792;An der Buschmühle;;44139;Dortmund;DOBWFP;d661ae4b-f89f-4cf7-bd31-59ff6601bd3c;devices;dec00549c;DEC00549C;DL-BLG-001;Decentlab;Strahlungstemperatursensor;Klimasensor;Klimasensoren;aktiv;BlackGlobe;3.1m;2025-01-31;Dortmund
51.502932806491565, 7.51076541487551;Droste-Hülshoff-Straße;1A;44141;Dortmund;DOBDHS;dce382e2-a351-44c8-a3ae-dd2c36765b92;devices;dec005494;DEC005494;DL-BLG-001;Decentlab;Strahlungstemperatursensor;Klimasensor;Klimasensoren;aktiv;BlackGlobe;3.3m;2024-08-06;Dortmund
51.47554, 7.43287;Harkortstraße;119;44225;Dortmund;DOBHKS;1d61d0b6-372d-4079-b13d-41caae2f1fde;devices;dec005309;DEC005309;ATM41;Decentlab;Temperatursensor;Klimasensor;Klimasensoren;aktiv;ATM41;3.3m;2025-07-03;Dortmund
51.49650526481517, 7.458125714102572;Westfalenhalle;;44139;Dortmund;DOBWFH;4466a45a-ac75-4f78-92f2-df0db67f98b8;devices;dec00546d;DEC00546D;ATM41;Decentlab;Temperatursensor;Klimasensor;Klimasensoren;aktiv;ATM41;3.3m;2024-10-14;Dortmund
51.51116, 7.46607;Friedensplatz;;44135;Dortmund;DODFRP;7141a18e-2a80-4831-bf56-b89338fb2eb6;devices;dec005476;DEC005476;ATM41;Decentlab;Temperatursensor;Klimasensor;Klimasensoren;aktiv;ATM41;3.3m;2024-08-06;Dortmund
51.51583, 7.46639;Brückstraße;24;44135;Dortmund;DOBBRS;e72cb7ea-f187-4f77-a2bd-43917ca50d92;devices;dec005474;DEC005474;ATM41;Decentlab;Temperatursensor;Klimasensor;Klimasensoren;aktiv;ATM41;3.3m;2024-10-21;Dortmund
51.544714210727484, 7.376404414857603;Kiepeweg;12;44357;Dortmund;DOBKPW;f70bda71-97fc-4e95-84cf-5ca39074c73a;devices;dec00547b;DEC00547B;ATM41;Decentlab;Temperatursensor;Klimasensor;Klimasensoren;aktiv;ATM41;3.3m;2025-01-31;Dortmund
51.50922, 7.49188;Robert-Koch-Straße;;44143;Dortmund;DOTOFH;00b9f108-c4b0-4831-bda1-57ad891fedcf;devices;dec004d1e;DEC004D1E;SHT35;Decentlab;Lufttemperatur-/Feuchtigkeitssensor;Klimasensor;Klimasensoren;aktiv;SHT35;3.3m;2025-04-17;Dortmund
51.54268785590466, 7.5373509652616795;Flughafenstraße;351;44328;Dortmund;DOTFLU;090628bc-1f57-48fe-a49b-f68d9ba574c6;devices;dec0054c1;DEC0054C1;SHT35;Decentlab;Lufttemperatur-/Feuchtigkeitssensor;Klimasensor;Klimasensoren;aktiv;SHT35;3.3m;2024-08-13;Dortmund
51.49119375557483, 7.504996593325032;Kaipromenade;;44263;Dortmund;DODPHX;125f6b94-b470-4360-bf59-c4135cd573b4;devices;dec0054b0;DEC0054B0;SHT35;Decentlab;Lufttemperatur-/Feuchtigkeitssensor;Klimasensor;Klimasensoren;aktiv;SHT35;3.3m;2024-08-06;Dortmund
51.49491, 7.37894;Pruzzenweg;10;44149;Dortmund;DOTPZW;1b1b6bb6-2d93-47df-be0b-b6edd09b5116;devices;dec0054a9;DEC0054A9;SHT35;Decentlab;Lufttemperatur-/Feuchtigkeitssensor;Klimasensor;Klimasensoren;aktiv;SHT35;3.3m;2024-08-12;Dortmund
51.52664196588405, 7.38714634940562;Boschstraße;113;44369;Dortmund;DOTBOS;1f1bdffe-3b11-4d31-8ad9-f3c37ff72ff2;devices;dec0054cd;DEC0054CD;SHT35;Decentlab;Lufttemperatur-/Feuchtigkeitssensor;Klimasensor;Klimasensoren;aktiv;SHT35;3.3m;2024-08-14;Dortmund
51.5495463613, 7.587508775;Felheuerstraße;11;44319;Dortmund;DOTFHS;28f9c303-98c0-4b52-9a46-b185ece42007;devices;dec0054c5;DEC0054C5;SHT35;Decentlab;Lufttemperatur-/Feuchtigkeitssensor;Klimasensor;Klimasensoren;aktiv;SHT35;3.3m;2024-08-09;Dortmund
51.45392, 7.49041;Am Wildgatter;5;44265;Dortmund;DOTAWG;337467c4-0a22-4b85-baae-a4698ac0cddf;devices;dec0054c7;DEC0054C7;SHT35;Decentlab;Lufttemperatur-/Feuchtigkeitssensor;Klimasensor;Klimasensoren;aktiv;SHT35;3.3m;2024-08-12;Dortmund
51.469819, 7.488517;Steinbreite;1;44265;Dortmund;DOTSTB;3e2420d3-1281-4648-8638-81df8530b71b;devices;dec0054a8;DEC0054A8;SHT35;Decentlab;Lufttemperatur-/Feuchtigkeitssensor;Klimasensor;Klimasensoren;aktiv;SHT35;3.3m;2024-08-08;Dortmund
51.511644342163805, 7.4681351373852864;Kleppingstraße;33;44135;Dortmund;DOTKLS;3f7964d9-a03c-4756-942a-a65093951555;devices;dec0054b2;DEC0054B2;SHT35;Decentlab;Lufttemperatur-/Feuchtigkeitssensor;Klimasensor;Klimasensoren;aktiv;SHT35;3.3m;2024-08-06;Dortmund
51.57104, 7.52257;Bogenstraße;71;44329;Dortmund;DOTBGS;5872199f-eb64-484d-abcb-e8dec48039a4;devices;dec0054a5;DEC0054A5;SHT35;Decentlab;Lufttemperatur-/Feuchtigkeitssensor;Klimasensor;Klimasensoren;aktiv;SHT35;3.3m;2024-08-12;Dortmund
51.53651737524723, 7.6284885906159055;Hildegundsweg;7;44319;Dortmund;DOTHGW;6a796d00-b761-4757-a860-69e9baf421c9;devices;dec0054be;DEC0054BE;SHT35;Decentlab;Lufttemperatur-/Feuchtigkeitssensor;Klimasensor;Klimasensoren;aktiv;SHT35;3.3m;2024-08-13;Dortmund
51.502293, 7.329523;Volksgartenstraße;40;44388;Dortmund;DOTVGS;832320fc-e25a-4a9f-a7ec-6fcec5d8a38b;devices;dec004d17;DEC004D17;SHT35;Decentlab;Lufttemperatur-/Feuchtigkeitssensor;Klimasensor;Klimasensoren;aktiv;SHT35;3.3m;2025-03-14;Dortmund
51.46505599973308, 7.402632557603294;Zur Hockeneicke;;44227;Dortmund;DOTZHE;bdad45bd-4c19-41f2-a73f-43c587d70043;devices;dec004d25;DEC004D25;SHT35;Decentlab;Lufttemperatur-/Feuchtigkeitssensor;Klimasensor;Klimasensoren;aktiv;SHT35;3.3m;2025-04-17;Dortmund
51.50177165615506, 7.461782102823495;Alter Mühlenweg;69;44139;Dortmund;DOTAMW;c86c247d-e430-450c-b2ca-0987ab2ee123;devices;dec0054d1;DEC0054D1;SHT35;Decentlab;Lufttemperatur-/Feuchtigkeitssensor;Klimasensor;Klimasensoren;aktiv;SHT35;3.3m;2024-08-06;Dortmund
51.57246163193284, 7.462459657819131;Schimmelreiterweg;42;44339;Dortmund;DOTSRW;da59a1ac-c3fe-4d41-a192-38ab111e07e2;devices;dec0054ac;DEC0054AC;SHT35;Decentlab;Lufttemperatur-/Feuchtigkeitssensor;Klimasensor;Klimasensoren;aktiv;SHT35;3.3m;2024-08-14;Dortmund
51.511863139908236, 7.4432154834909445;Adlerstraße;50;44137;Dortmund;DOTADS;e142b9a9-9b9f-44bc-8b7b-67eb76634f11;devices;dec0054aa;DEC0054AA;SHT35;Decentlab;Lufttemperatur-/Feuchtigkeitssensor;Klimasensor;Klimasensoren;aktiv;SHT35;3.3m;2024-08-06;Dortmund
51.53722, 7.43698;Fredenbaumpark, Abenteuerspielplatz;;44147;Dortmund;DOTFBP;e311795c-b074-4c73-8f2c-080716453312;devices;dec004d14;DEC004D14;SHT35;Decentlab;Lufttemperatur-/Feuchtigkeitssensor;Klimasensor;Klimasensoren;aktiv;SHT35;3.3m;2024-10-16;Dortmund
51.59266098252462, 7.416333276052667;Königsheide;298;44359;Dortmund;DOTKOH;e988a5b3-76c2-475d-8672-186c2fde5a75;devices;dec0054b8;DEC0054B8;SHT35;Decentlab;Lufttemperatur-/Feuchtigkeitssensor;Klimasensor;Klimasensoren;aktiv;SHT35;3.3m;2024-08-07;Dortmund
51.47554, 7.43287;Harkortstraße;119;44225;Dortmund;DOBHKS;3b9497bb-1f1e-444d-baff-46ea0c03667b;devices;dec00548d;DEC00548D;DL-BLG-001;Decentlab;Strahlungstemperatursensor;Klimasensor;Klimasensoren;aktiv;BlackGlobe;3.3m;2024-10-30;Dortmund
51.509104, 7.456679;Beurhausstraße;39;44137;Dortmund;DOBBHS;59c2d6c4-d82d-42c0-bae9-072809c9bfcc;devices;dec00548c;DEC00548C;DL-BLG-001;Decentlab;Strahlungstemperatursensor;Klimasensor;Klimasensoren;aktiv;BlackGlobe;3.3m;2024-10-21;Dortmund
51.51321814079135, 7.463944015394063;Hansaplatz;;44137;Dortmund;DOBHAP;9e0f885e-95c9-4de8-aaae-20e8a01d50fc;devices;dec00548b;DEC00548B;DL-BLG-001;Decentlab;Strahlungstemperatursensor;Klimasensor;Klimasensoren;aktiv;BlackGlobe;3.3m;2024-08-05;Dortmund
51.51527822575448, 7.453501657184866;Leonie-Reygers-Terrasse;2;44137;Dortmund;DOBDOU;d46aaf59-68e1-4ab4-ba38-a94a0078b182;devices;dec00548e;DEC00548E;DL-BLG-001;Decentlab;Strahlungstemperatursensor;Klimasensor;Klimasensoren;aktiv;BlackGlobe;3.3m;2024-08-05;Dortmund
51.51003, 7.44808;Ritterhausstraße;32;44137;Dortmund;DOBWEP;032ea2cd-6979-4a0e-8837-ac475cffd1bf;devices;dec005490;DEC005490;DL-BLG-001;Decentlab;Strahlungstemperatursensor;Klimasensor;Klimasensoren;aktiv;BlackGlobe;3.3m;2024-10-21;Dortmund
51.544714210727484, 7.376404414857603;Kiepeweg;12;44357;Dortmund;DOBKPW;4ea11cc0-1e8e-4b94-b3da-bc26c348f383;devices;dec00549e;DEC00549E;DL-BLG-001;Decentlab;Strahlungstemperatursensor;Klimasensor;Klimasensoren;aktiv;BlackGlobe;3.3m;2025-01-31;Dortmund
51.55210849344351, 7.544515137413732;Gleiwitzstraße;227;44328;Dortmund;DODGWS;8aafa77d-a8a4-4626-8709-66d540d38895;devices;dec005497;DEC005497;DL-BLG-001;Decentlab;Strahlungstemperatursensor;Klimasensor;Klimasensoren;aktiv;BlackGlobe;3.3m;2024-08-08;Dortmund
51.49252351390988, 7.414330333294123;Vogelpothsweg;;44227;Dortmund;DOBMSP;a4e4f6f3-a588-4e8e-80b1-614c5b3bc0ac;devices;dec005499;DEC005499;DL-BLG-001;Decentlab;Strahlungstemperatursensor;Klimasensor;Klimasensoren;aktiv;BlackGlobe;3.3m;2025-04-17;Dortmund
51.49146258179979, 7.563339438462499;Schweizer Allee;18;44287;Dortmund;DOBGAS;aeb0ce0f-553b-462c-b7fd-c1e47e9366bd;devices;dec00549d;DEC00549D;DL-BLG-001;Decentlab;Strahlungstemperatursensor;Klimasensor;Klimasensoren;aktiv;BlackGlobe;3.3m;2025-03-14;Dortmund
51.49119375557483, 7.504996593325032;Kaipromenade;;44263;Dortmund;DODPHX;bf9ace64-82a1-4667-83d0-034cd5aae299;devices;dec005493;DEC005493;DL-BLG-001;Decentlab;Strahlungstemperatursensor;Klimasensor;Klimasensoren;aktiv;BlackGlobe;3.3m;2024-08-06;Dortmund
51.51116, 7.46607;Friedensplatz;;44135;Dortmund;DODFRP;d145a9f2-cb11-473e-afbd-98e6b95d9257;devices;dec005492;DEC005492;DL-BLG-001;Decentlab;Strahlungstemperatursensor;Klimasensor;Klimasensoren;aktiv;BlackGlobe;3.3m;2024-08-06;Dortmund
51.49392, 7.4504;Strobelallee;54;44139;Dortmund;DOBSBA;dfb38503-57bf-4a1f-9028-8307b7c2ac3f;devices;dec0054a3;DEC0054A3;DL-BLG-001;Decentlab;Strahlungstemperatursensor;Klimasensor;Klimasensoren;aktiv;BlackGlobe;3.3m;2024-10-21;Dortmund
51.49650526481517, 7.458125714102572;Westfalenhalle;;44139;Dortmund;DOBWFH;ea446213-2ee8-4a2b-91b3-fabf64ca8b68;devices;dec005491;DEC005491;DL-BLG-001;Decentlab;Strahlungstemperatursensor;Klimasensor;Klimasensoren;aktiv;BlackGlobe;3.3m;2024-08-06;Dortmund
51.55515925856318, 7.544892327886174;Peschweg;23;44328;Dortmund;DOBPSW;ebf209de-87ae-4690-be7c-6b8d647635d2;devices;dec0054a1;DEC0054A1;DL-BLG-001;Decentlab;Strahlungstemperatursensor;Klimasensor;Klimasensoren;aktiv;BlackGlobe;3.3m;2024-11-12;Dortmund
51.52485, 7.44337;Speicherstraße;;44147;Dortmund;DOBSPS;ec81544b-fcdc-44d8-9e9e-3e28456ceef1;devices;dec005496;DEC005496;DL-BLG-001;Decentlab;Strahlungstemperatursensor;Klimasensor;Klimasensoren;aktiv;BlackGlobe;3.3m;2024-10-15;Dortmund
51.52606735260967, 7.465276514722926;Nordmarkt;22;44145;Dortmund;DOBNOM;f2c59d1b-bd57-46b5-a2a5-c85da0b9be23;devices;dec00548f;DEC00548F;DL-BLG-001;Decentlab;Strahlungstemperatursensor;Klimasensor;Klimasensoren;aktiv;BlackGlobe;3.3m;2024-08-07;Dortmund
51.49392, 7.4504;Strobelallee;54;44139;Dortmund;DOBSBA;17e39891-f0f2-4ccd-9cc7-e3a46dad63ed;devices;dec005454;DEC005454;ATM41;Decentlab;Temperatursensor;Klimasensor;Klimasensoren;aktiv;ATM41;3.3m;2024-10-21;Dortmund
51.51003, 7.44808;Ritterhausstraße;32;44137;Dortmund;DOBWEP;21725f11-3489-4edb-9936-8371860ffc17;devices;dec005471;DEC005471;ATM41;Decentlab;Temperatursensor;Klimasensor;Klimasensoren;aktiv;ATM41;3.3m;2024-10-21;Dortmund
51.49252351390988, 7.414330333294123;Vogelpothsweg;;44227;Dortmund;DOBMSP;2e510e18-3e17-46a8-a03a-33070992acfd;devices;dec00530b;DEC00530B;ATM41;Decentlab;Temperatursensor;Klimasensor;Klimasensoren;aktiv;ATM41;3.3m;2025-04-17;Dortmund
51.489444383733, 7.447220950248622;Bolmker Weg;;44225;Dortmund;DODBOL;489fccfc-032c-474c-8bff-8fa583e01437;devices;dec005452;DEC005452;ATM41;Decentlab;Temperatursensor;Klimasensor;Klimasensoren;aktiv;ATM41;3.3m;2025-03-13;Dortmund
51.52179, 7.4713;Lauenburger Straße;2;44145;Dortmund;DOBHAN;6c43e902-acc5-491f-9ac2-a29eb031db6a;devices;dec005478;DEC005478;ATM41;Decentlab;Temperatursensor;Klimasensor;Klimasensoren;aktiv;ATM41;3.3m;2024-10-21;Dortmund
51.51321814079135, 7.463944015394063;Hansaplatz;;44137;Dortmund;DOBHAP;6da26775-2b8e-4396-ade6-282e659fdfcb;devices;dec005305;DEC005305;ATM41;Decentlab;Temperatursensor;Klimasensor;Klimasensoren;aktiv;ATM41;3.3m;2025-01-31;Dortmund
51.49468777545645, 7.481143008002792;An der Buschmühle;;44139;Dortmund;DOBWFP;bc4197a0-4792-4cdd-beb2-cbd104141057;devices;dec005479;DEC005479;ATM41;Decentlab;Temperatursensor;Klimasensor;Klimasensoren;aktiv;ATM41;3.1m;2025-01-31;Dortmund
51.5152782257544, 7.453501657184866;Leonie-Reygers-Terrasse;2;44137;Dortmund;DOBDOU;e0b8572d-d0e5-4db5-9196-8452672b6811;devices;dec005473;DEC005473;ATM41;Decentlab;Temperatursensor;Klimasensor;Klimasensoren;aktiv;ATM41;3.3m;2024-08-05;Dortmund
51.52267, 7.4592;Uhlandstraße;19;44147;Dortmund;DOBDKP;fc70122c-3c93-478a-96a6-9fdff796d16f;devices;dec005306;DEC005306;ATM41;Decentlab;Temperatursensor;Klimasensor;Klimasensoren;aktiv;ATM41;3.3m;2024-10-21;Dortmund
51.54423571928751, 7.389359781080883;Westhusener Straße;69;44369;Dortmund;DOTSWH;224391a4-ab26-4314-8605-f68f908c618f;devices;dec0054a7;DEC0054A7;SHT35;Decentlab;Lufttemperatur-/Feuchtigkeitssensor;Klimasensor;Klimasensoren;aktiv;SHT35;3.3m;2024-08-14;Dortmund
51.489444383733, 7.447220950248622;Bolmker Weg;;44225;Dortmund;DODBOL;22588ecc-677f-465a-b7ed-b8fb05fc9a56;devices;dec004d1a;DEC004D1A;SHT35;Decentlab;Lufttemperatur-/Feuchtigkeitssensor;Klimasensor;Klimasensoren;aktiv;SHT35;3.3m;2025-03-13;Dortmund
51.54190257930591, 7.372127397694583;Am Brauckacker;13-15;44357;Dortmund;DOTABA;2e4e5c4d-5b2a-4f26-9065-830dbdf5c485;devices;dec0054ab;DEC0054AB;SHT35;Decentlab;Lufttemperatur-/Feuchtigkeitssensor;Klimasensor;Klimasensoren;aktiv;SHT35;3.3m;2024-08-15;Dortmund
51.564410363948205, 7.383330847995142;Ammerstraße;47;44359;Dortmund;DOTAMS;308586aa-49ac-4efe-8669-4054110d1def;devices;dec0054ce;DEC0054CE;SHT35;Decentlab;Lufttemperatur-/Feuchtigkeitssensor;Klimasensor;Klimasensoren;aktiv;SHT35;3.3m;2024-08-14;Dortmund
51.48439, 7.43782;Am Beilstück;24;44225;Dortmund;DOTABS;30f074fe-a2d6-4693-9bc2-ad4865fa00f1;devices;dec0054b9;DEC0054B9;SHT35;Decentlab;Lufttemperatur-/Feuchtigkeitssensor;Klimasensor;Klimasensoren;aktiv;SHT35;3.3m;2024-08-15;Dortmund
51.548453, 7.56136;Am Wirksfeld;152;44328;Dortmund;DOTAWS;41461723-0cd8-47eb-8765-79c803565118;devices;dec004d15;DEC004D15;SHT35;Decentlab;Lufttemperatur-/Feuchtigkeitssensor;Klimasensor;Klimasensoren;aktiv;SHT35;3.3m;2025-06-03;Dortmund
51.497220717885334, 7.454530990428902;Westfalenhalle;;44139;Dortmund;DOTWFP;5215ef25-b130-46d0-9de6-9291a377551e;devices;dec0054a4;DEC0054A4;SHT35;Decentlab;Lufttemperatur-/Feuchtigkeitssensor;Klimasensor;Klimasensoren;aktiv;SHT35;3.3m;2024-08-06;Dortmund
51.48884364200726, 7.513087598374727;Phoenixstraße;18;44263;Dortmund;DOTPHX;761a315d-3736-4ce1-8251-e88ab120f86b;devices;dec0054bc;DEC0054BC;SHT35;Decentlab;Lufttemperatur-/Feuchtigkeitssensor;Klimasensor;Klimasensoren;aktiv;SHT35;3.3m;2024-08-14;Dortmund
51.546666, 7.531488;Schönwaldstraße;6;44328;Dortmund;DOTSWS;87985115-1540-4e7a-83b0-d885d5ab6c59;devices;dec0054bb;DEC0054BB;SHT35;Decentlab;Lufttemperatur-/Feuchtigkeitssensor;Klimasensor;Klimasensoren;aktiv;SHT35;3.3m;2024-08-12;Dortmund
51.500273218, 7.4032603145;Trippestraße;23;44149;Dortmund;DOTTPS;8b581a26-0faa-4886-817c-fb60dfd3d322;devices;dec0054bf;DEC0054BF;SHT35;Decentlab;Lufttemperatur-/Feuchtigkeitssensor;Klimasensor;Klimasensoren;aktiv;SHT35;3.3m;2024-08-12;Dortmund
51.473925, 7.443971;Am Kohlufer;;44225;Dortmund;DOTAKU;92f77633-2256-4717-b795-b9586f84c65d;devices;dec0054c3;DEC0054C3;SHT35;Decentlab;Lufttemperatur-/Feuchtigkeitssensor;Klimasensor;Klimasensoren;aktiv;SHT35;3.3m;2024-08-08;Dortmund
51.48268, 7.56111;Schwerter Straße;281;44287;Dortmund;DOTSTS;a5234aae-407f-4074-9d99-59fe754e19b6;devices;dec0054c8;DEC0054C8;SHT35;Decentlab;Lufttemperatur-/Feuchtigkeitssensor;Klimasensor;Klimasensoren;aktiv;SHT35;3.3m;2024-08-12;Dortmund
51.4231, 7.47113;Hohensyburgstraße / Auf der Wittbräucke;;44265;Dortmund;DOTHSB;a77778cf-b4ea-4c61-a8f8-8f5ac03f98d2;devices;dec0054ae;DEC0054AE;SHT35;Decentlab;Lufttemperatur-/Feuchtigkeitssensor;Klimasensor;Klimasensoren;aktiv;SHT35;3.3m;2024-08-09;Dortmund
51.5363, 7.44981;Fredenbaumpark Westerholz / Münsterstraße;;44147;Dortmund;DOTFBK;c888fbd5-57f4-40b9-8448-75e3ac8d0afb;devices;dec0054c0;DEC0054C0;SHT35;Decentlab;Lufttemperatur-/Feuchtigkeitssensor;Klimasensor;Klimasensoren;aktiv;SHT35;3.3m;2024-08-09;Dortmund
51.47025681703958, 7.525794325155166;Bernsteinweg;7;44267;Dortmund;DOTBSW;e59eebba-ab56-4f72-bc01-372fc0c8c983;devices;dec004d1c;DEC004D1C;SHT35;Decentlab;Lufttemperatur-/Feuchtigkeitssensor;Klimasensor;Klimasensoren;aktiv;SHT35;3.3m;2025-03-13;Dortmund
51.54538, 7.52325;Grunewald;24;44328;Dortmund;DOTGRW;ec39ac31-f100-4b5c-8225-0b523ffb7de4;devices;dec0054c6;DEC0054C6;SHT35;Decentlab;Lufttemperatur-/Feuchtigkeitssensor;Klimasensor;Klimasensoren;aktiv;SHT35;3.3m;2024-08-12;Dortmund
51.52526581856891, 7.365322474301303;Blotenhofstraße;1a;44379;Dortmund;DOTBHS;f418b97f-7a51-45a7-a9a7-ab14e72a6ded;devices;dec0054d0;DEC0054D0;SHT35;Decentlab;Lufttemperatur-/Feuchtigkeitssensor;Klimasensor;Klimasensoren;aktiv;SHT35;3.3m;2024-08-14;Dortmund
51.48472, 7.50269;Clarenberg;1;44263;Dortmund;DOBCLA;cf71bb6e-ab0f-47eb-89c1-fb3d35e5e148;devices;dec005487;DEC005487;DL-BLG-001;Decentlab;Strahlungstemperatursensor;Klimasensor;Klimasensoren;aktiv;BlackGlobe;3.3m;2024-08-08;Dortmund
51.489444383733, 7.447220950248622;Bolmker Weg;;44225;Dortmund;DODBOL;07984fe6-55d6-4b09-976b-de61b132dbcd;devices;dec00549b;DEC00549B;DL-BLG-001;Decentlab;Strahlungstemperatursensor;Klimasensor;Klimasensoren;aktiv;BlackGlobe;3.3m;2025-03-13;Dortmund
51.52267, 7.4592;Uhlandstraße;19;44147;Dortmund;DOBDKP;dabd9836-5553-46ed-9671-8b6843fddfee;devices;dec00549f;DEC00549F;DL-BLG-001;Decentlab;Strahlungstemperatursensor;Klimasensor;Klimasensoren;aktiv;BlackGlobe;3.3m;2024-10-21;Dortmund
51.51583, 7.46639;Brückstraße;24;44135;Dortmund;DOBBRS;f7be4ee0-762c-4d27-874d-83ef6e7028da;devices;dec005498;DEC005498;DL-BLG-001;Decentlab;Strahlungstemperatursensor;Klimasensor;Klimasensoren;aktiv;BlackGlobe;3.3m;2024-10-21;Dortmund
51.5248588879, 7.4433945101;Speicherstraße;;44147;Dortmund;DOBSPS;0467cb2b-add1-4d49-8b58-dbba160fb1de;devices;dec005303;DEC005303;ATM41;Decentlab;Temperatursensor;Klimasensor;Klimasensoren;aktiv;ATM41;3.3m;2024-10-15;Dortmund
51.502932806491565, 7.51076541487551;Droste-Hülshoff-Straße;1A;44141;Dortmund;DOBDHS;0b1a7b19-e6aa-4dfb-8df2-993231e5861c;devices;dec005470;DEC005470;ATM41;Decentlab;Temperatursensor;Klimasensor;Klimasensoren;aktiv;ATM41;3.3m;2024-08-06;Dortmund
51.49119375557483, 7.504996593325032;Kaipromenade;;44263;Dortmund;DODPHX;4d8df2fd-cd41-4dbb-9e85-ae327846e0f3;devices;dec005477;DEC005477;ATM41;Decentlab;Temperatursensor;Klimasensor;Klimasensoren;aktiv;ATM41;3.3m;2024-08-06;Dortmund
51.52606735260967, 7.465276514722926;Nordmarkt;22;44145;Dortmund;DOBNOM;4f719e59-34fe-489f-b657-1aec2ab3a988;devices;dec00547e;DEC00547E;ATM41;Decentlab;Temperatursensor;Klimasensor;Klimasensoren;aktiv;ATM41;3.3m;2024-10-16;Dortmund
51.48472, 7.50269;Clarenberg;1;44263;Dortmund;DOBCLA;66643904-4855-436a-9ec6-bd695f1eed8a;devices;dec005307;DEC005307;ATM41;Decentlab;Temperatursensor;Klimasensor;Klimasensoren;aktiv;ATM41;3.3m;2024-08-08;Dortmund
51.55210849344351, 7.544515137413732;Gleiwitzstraße;277;44328;Dortmund;DODGWS;687b40db-4d66-488d-a01b-fb82d6404f65;devices;dec00546e;DEC00546E;ATM41;Decentlab;Temperatursensor;Klimasensor;Klimasensoren;aktiv;ATM41;3.3m;2024-08-08;Dortmund
51.49146258179979, 7.563339438462499;Schweizer Allee;18;44287;Dortmund;DOBGAS;6fa235da-2649-4e48-a308-10575f3a377d;devices;dec00547c;DEC00547C;ATM41;Decentlab;Temperatursensor;Klimasensor;Klimasensoren;aktiv;ATM41;3.3m;2025-03-14;Dortmund
51.52820301884539, 7.48333434405322;Oesterholzstraße;122;44145;Dortmund;DOBOHS;89262670-1205-4e6a-83db-0545692abea9;devices;dec00547a;DEC00547A;ATM41;Decentlab;Temperatursensor;Klimasensor;Klimasensoren;aktiv;ATM41;3.3m;2025-03-04;Dortmund
51.50910275108166, 7.456720547474519;Beurhausstraße;39;44137;Dortmund;DOBBHS;dfa81526-a4bf-4434-bc02-d850d1abbd98;devices;dec005472;DEC005472;ATM41;Decentlab;Temperatursensor;Klimasensor;Klimasensoren;aktiv;ATM41;3.3m;2024-10-21;Dortmund
51.55516, 7.54492;Peschweg;23;44328;Dortmund;DOBPSW;e5219795-9f53-469f-bdbf-8cfb8024c1aa;devices;dec00547d;DEC00547D;ATM41;Decentlab;Temperatursensor;Klimasensor;Klimasensoren;aktiv;ATM41;3.3m;2024-11-12;Dortmund
51.516898431325856, 7.459445718650828;Königswall;15;44137;Dortmund;DOBHBF;f11f62d0-4909-4e45-be5d-41be660f11b7;devices;dec005304;DEC005304;ATM41;Decentlab;Temperatursensor;Klimasensor;Klimasensoren;aktiv;ATM41;3.3m;2024-08-07;Dortmund
51.50870298541893, 7.529203981729976;Küßnachtstraße;27;44143;Dortmund;DOTKNS;010db919-1dc0-48d9-aa6d-d7bea6c65399;devices;dec0054cf;DEC0054CF;SHT35;Decentlab;Lufttemperatur-/Feuchtigkeitssensor;Klimasensor;Klimasensoren;aktiv;SHT35;3.3m;2024-08-14;Dortmund
51.51116, 7.46607;Friedensplatz;;44135;Dortmund;DODFRP;0126d246-05e1-43c7-a0df-3765cf982022;devices;dec0054a6;DEC0054A6;SHT35;Decentlab;Lufttemperatur-/Feuchtigkeitssensor;Klimasensor;Klimasensoren;aktiv;SHT35;3.3m;2024-08-06;Dortmund
51.537668136239766, 7.409589908124937;Lilienthalstraße;30;44369;Dortmund;DOTLTS;02d5389f-6ee2-4a16-abc0-87953cc17250;devices;dec0054b3;DEC0054B3;SHT35;Decentlab;Lufttemperatur-/Feuchtigkeitssensor;Klimasensor;Klimasensoren;aktiv;SHT35;3.3m;2024-08-14;Dortmund
51.48498718441803, 7.587397004774964;Irisstraße;9;44289;Dortmund;DOTIRS;20c6be10-a510-42a3-93af-539787f66f38;devices;dec0054c2;DEC0054C2;SHT35;Decentlab;Lufttemperatur-/Feuchtigkeitssensor;Klimasensor;Klimasensoren;aktiv;SHT35;3.3m;2024-08-08;Dortmund
51.45467, 7.46111;Patroklusweg;27;44229;Dortmund;DOTPKW;2104a58e-a4f7-4c6c-a395-9c45d3c32814;devices;dec0054af;DEC0054AF;SHT35;Decentlab;Lufttemperatur-/Feuchtigkeitssensor;Klimasensor;Klimasensoren;aktiv;SHT35;3.3m;2024-08-15;Dortmund
51.5249423505088, 7.553656017364356;Auf dem Kranz;11;44309;Dortmund;DOTADR;2496f2ca-d2b9-4563-be0e-3ae1df58bc28;devices;dec004d23;DEC004D23;SHT35;Decentlab;Lufttemperatur-/Feuchtigkeitssensor;Klimasensor;Klimasensoren;aktiv;SHT35;3.3m;2025-03-17;Dortmund
51.57781, 7.58001;Lanstroper Straße;199;44329;Dortmund;DOTLST;2fd845a4-5823-4894-bacc-06cba80d0875;devices;dec0054b5;DEC0054B5;SHT35;Decentlab;Lufttemperatur-/Feuchtigkeitssensor;Klimasensor;Klimasensoren;aktiv;SHT35;3.3m;2024-08-12;Dortmund
51.52179768424245, 7.5004328706678285;Berliner Straße;66;44143;Dortmund;DOTBES;3b1f32f5-167d-4121-bd05-1f841b901604;devices;dec004d21;DEC004D21;SHT35;Decentlab;Lufttemperatur-/Feuchtigkeitssensor;Klimasensor;Klimasensoren;aktiv;SHT35;3.3m;2024-10-21;Dortmund
51.508234, 7.425488;Am Mühlenberg;;44149;Dortmund;DOTAMB;4228e938-c64c-4493-939a-bd06965c0282;devices;dec004d1f;DEC004D1F;SHT35;Decentlab;Lufttemperatur-/Feuchtigkeitssensor;Klimasensor;Klimasensoren;aktiv;SHT35;3.3m;2025-03-13;Dortmund
51.5326028965, 7.506398772;Warmbreitbandstraße;;44145;Dortmund;DOTWBB;431bbb55-d2cb-4595-8204-de60be228164;devices;dec004d1b;DEC004D1B;SHT35;Decentlab;Lufttemperatur-/Feuchtigkeitssensor;Klimasensor;Klimasensoren;aktiv;SHT35;3.3m;2024-10-16;Dortmund
51.55210849344351, 7.544515137413732;Gleiwitzstraße;227;44328;Dortmund;DODGWS;435f6eb8-5d22-4b8c-bdce-1830b7438539;devices;dec0054bd;DEC0054BD;SHT35;Decentlab;Lufttemperatur-/Feuchtigkeitssensor;Klimasensor;Klimasensoren;aktiv;SHT35;3.3m;2024-08-08;Dortmund
51.55136316431537, 7.450917907285825;Wartenburgstraße;23;44339;Dortmund;DOTWBS;64aa6141-e0a3-4fa7-9648-1441fb1edc9a;devices;dec0054b1;DEC0054B1;SHT35;Decentlab;Lufttemperatur-/Feuchtigkeitssensor;Klimasensor;Klimasensoren;aktiv;SHT35;3.3m;2024-08-12;Dortmund
51.51787, 7.39766;Wischlinger Weg;;44379;Dortmund;DOTWLW;69797613-5425-4f5e-a55b-cfa388fcad71;devices;dec004d22;DEC004D22;SHT35;Decentlab;Lufttemperatur-/Feuchtigkeitssensor;Klimasensor;Klimasensoren;aktiv;SHT35;3.3m;2024-10-16;Dortmund
51.57590656676426, 7.439997399889137;Schiffhorst;42;;Dortmund;DOTSFH;a63e457f-310d-4d63-bd8c-00d9fbdb5dc9;devices;dec0054ba;DEC0054BA;SHT35;Decentlab;Lufttemperatur-/Feuchtigkeitssensor;Klimasensor;Klimasensoren;aktiv;SHT35;3.3m;2024-08-07;Dortmund
51.5156550571, 7.3161508734;Bövinghauser Dorfstraße;;44388;Dortmund;DOTADK;afb10081-043c-4a8b-8257-b712b9a6b1f7;devices;dec0054c4;DEC0054C4;SHT35;Decentlab;Lufttemperatur-/Feuchtigkeitssensor;Klimasensor;Klimasensoren;aktiv;SHT35;3.3m;2024-08-15;Dortmund
51.5522909358, 7.4818204747;Siebenbürgenstraße;13;44339;Dortmund;DOTSBS;bb75b911-fafd-4b73-8aae-fdc1c527d58d;devices;dec0054b4;DEC0054B4;SHT35;Decentlab;Lufttemperatur-/Feuchtigkeitssensor;Klimasensor;Klimasensoren;aktiv;SHT35;3.3m;2024-08-12;Dortmund
51.496862376407464, 7.435363231519679;AM TALENBERG;;44227;Dortmund;DOTSCS;ecce69ad-1de2-438b-bd65-6bca2633cc64;devices;dec004d20;DEC004D20;SHT35;Decentlab;Lufttemperatur-/Feuchtigkeitssensor;Klimasensor;Klimasensoren;aktiv;SHT35;3.3m;2025-03-14;Dortmund
51.5229401099, 7.4814329521;Oesterholzstraße;36-38;44145;Dortmund;DOTOHS;f40000f8-644c-4a2f-9aac-cdca237b55ea;devices;dec0054b7;DEC0054B7;SHT35;Decentlab;Lufttemperatur-/Feuchtigkeitssensor;Klimasensor;Klimasensoren;aktiv;SHT35;3.3m;2024-10-16;Dortmund
51.491667, 7.495506;Emscherpromenade;;44263;Dortmund;DOTEPM;ea8abc75-71eb-422d-92d4-67e71e27be09;devices;dec004d13;DEC004D13;SHT35;Decentlab;Lufttemperatur-/Feuchtigkeitssensor;Klimasensor;Klimasensoren;aktiv;SHT35;3.3m;2025-03-14;Dortmund
